Index,smiles,complexity,atoms,DelE_red(V),MW
0,Cc1c2c(cc3nsnc13)N(C)CCN2CCN(C)C,8,20,1.27,291.1517667
1,CCN1CCN(CCOC)c2c1cc1nsnc1c2C,7,20,1.27,292.1357823
2,CCNc1c2c(cc3nsnc13)N(C)CCN2C(C)C,6,20,1.24,291.1517667
3,CCCN1CCN(CC)c2cc3nsnc3c(NCC)c21,6,21,1.22,305.1674167
4,CCNc1c2c(cc3nsnc13)N(CC)CCN2C(C)C,6,21,1.2,305.1674167
5,CCCNc1c2c(cc3nsnc13)N(CC)CCN2C,6,20,1.39,291.1517667
6,CCNc1c2c(cc3nsnc13)N(C(C)CC)CCN2C,6,21,1.22,305.1674167
7,Cc1c2c(cc3nsnc13)N(C)CCN2CC(C)C,6,19,1.27,276.1408676
8,CCCNc1c2c(cc3nsnc13)N(C)CCN2CCC,6,21,1.28,305.1674167
9,CC(C)Nc1c2c(cc3nsnc13)N(C(C)C)CCN2C,6,21,1.24,305.1674167
10,CCN1CCN(C(C)C)c2cc3nsnc3c(C)c21,6,19,1.26,276.1408676
11,CNc1c2c(cc3nsnc13)N(C(C)C)CCN2C,6,19,1.22,277.1361166
12,CCC(C)N1CCN(C)c2cc3nsnc3c(NC)c21,6,20,1.18,291.1517667
13,CCNc1c2c(cc3nsnc13)N(C(C)C)CCN2C,6,20,1.23,291.1517667
14,CCCNc1c2c(cc3nsnc13)N(C)CCN2CC,6,20,1.14,291.1517667
15,CCCN1CCN(C)c2cc3nsnc3c(NC)c21,6,19,1.26,277.1361166
16,CC(C)CNc1c2c(cc3nsnc13)N(C)CCN2C,6,20,1.24,291.1517667
17,CC(C)N1c2cc3nsnc3cc2CC1C,3,16,1.29,233.0986685
18,CCCN1CCN(C(C)C)c2cc3nsnc3c(NC)c21,6,21,1.35,305.1674167
19,CCN1CCN(CC)c2c1cc1nsnc1c2NC,6,19,1.27,277.1361166
20,CC(C)Nc1c2c(cc3nsnc13)N(C)CCN2C(C)C,6,21,1.49,305.1674167
21,CCN1CCN(CC(C)C)c2cc3nsnc3c(NC)c21,6,21,1.3,305.1674167
22,CCCNc1c2c(cc3nsnc13)N(C)CCN2C(C)C,6,21,1.08,305.1674167
23,CCCN1CCN(C(C)C)c2c1cc1nsnc1c2NC,6,21,1.19,305.1674167
24,CCN1CCN(C(C)C)c2cc3nsnc3c(NC)c21,6,20,1.18,291.1517667
25,CCN1CCN(C)c2cc3nsnc3c(NCCOC)c21,7,21,1.35,307.1466813
26,CCCCN1CCN(CC)c2cc3nsnc3c(NC)c21,6,21,1.36,305.1674167
27,CCCN1CCN(C(C)C)c2c1cc1nsnc1c2CC,6,21,1.38,304.1721678
28,CNc1c2c(cc3nsnc13)N(C)CCC2,5,16,1.28,234.0939174
29,CCCN1CCN(C)c2cc3nsnc3c(NCC)c21,6,20,1.37,291.1517667
30,CCNc1c2c(cc3nsnc13)N(CC)CCN2C,6,19,1.23,277.1361166
31,CCCN1CCN(CC)c2c1cc1nsnc1c2C,6,19,1.23,276.1408676
32,CCCNc1c2c(cc3nsnc13)N(C)CCN2C,6,19,1.24,277.1361166
33,CCNc1c2c(cc3nsnc13)N(C)CCN2CC,6,19,1.21,277.1361166
34,CCN(C)c1c2c(cc3nsnc13)N(C(C)C)CCN2C,7,21,1.16,305.1674167
35,CCCCNc1c2c(cc3nsnc13)N(CC)CCN2C,6,21,1.18,305.1674167
36,CCc1c2c(cc3nsnc13)N(CC)CCN2C(C)CC,6,21,1.22,304.1721678
37,CCc1c2c(cc3nsnc13)N(CC)CCN2CC,6,19,1.25,276.1408676
38,CCN1CCN(CC)c2c1cc1nsnc1c2C,6,18,1.31,262.1252176
39,CCC(C)N1CCN(CC)c2cc3nsnc3c(NC)c21,6,21,1.17,305.1674167
40,CCN1CCN(CC(C)C)c2c1cc1nsnc1c2NC,6,21,1.34,305.1674167
41,CCCN1CCN(C)c2c1cc1nsnc1c2NC(C)C,6,21,1.19,305.1674167
42,CCN1CCN(C)c2cc3nsnc3c(C)c21,6,17,1.24,248.1095675
43,CCCN1CCN(C)c2c1cc1nsnc1c2NC,6,19,1.23,277.1361166
44,COCCNc1c2c(cc3nsnc13)N(C)CCN2C,7,20,1.16,293.1310312
45,CCc1c2c(cc3nsnc13)N(C)CCN2C(C)C,6,19,1.29,276.1408676
46,CCCN1CCN(C(C)CC)c2c1cc1nsnc1c2C,6,21,1.17,304.1721678
47,CCCCN1CCN(CC)c2c1cc1nsnc1c2CC,6,21,1.16,304.1721678
48,CCCN1CCN(CC)c2c1cc1nsnc1c2CC,6,20,1.26,290.1565177
49,CNc1c2c(cc3nsnc13)N(C)CCN2C,6,17,1.24,249.1048165
50,CCC(C)N1CCN(C)c2c1cc1nsnc1c2NC,6,20,1.11,291.1517667
51,CCCCN1CCN(C(C)C)c2c1cc1nsnc1c2C,6,21,1.16,304.1721678
52,CCNc1c2c(cc3nsnc13)N(CC)CCN2CC,6,20,1.3,291.1517667
53,CNc1c2c(cc3nsnc13)N(C)CCN2CCOC,7,20,1.16,293.1310312
54,CCCCN1CCN(C(C)CC)c2cc3nsnc3cc21,4,21,1.05,304.1721678
55,CCCN1CCN(CC)c2c1cc1nsnc1c2C(C)C,6,21,1.3,304.1721678
56,CCCc1c2c(cc3nsnc13)N(CC)CCN2C(C)C,6,21,1.27,304.1721678
57,CCN1CCN(C)c2c1cc1nsnc1c2NC(C)C,6,20,0.98,291.1517667
58,CCCCN1CCN(C)c2cc3nsnc3c(NC)c21,6,20,1.22,291.1517667
59,CCOCCN1CCN(C)c2cc3nsnc3c(C)c21,7,20,1.41,292.1357823
60,CCN1CN(CCOC)c2c1cc1nsnc1c2C,7,19,1.02,278.1201322
61,CCc1c2c(cc3nsnc13)N(C)CCN2C(C)CC,6,20,1.26,290.1565177
62,CCNc1cc(N(C)CC)cc2nsnc12,5,16,1.23,236.1095675
63,CCCOC1N(CC)c2cc3nsnc3cc2N1CC,6,20,1.08,292.1357823
64,CCN1CCN(C)c2cc3nsnc3c(C(C)C)c21,6,19,1.23,276.1408676
65,CCC(C)N1CCN(C)c2c1cc1nsnc1c2C,6,19,1.3,276.1408676
66,CCCN1CCN(CC)c2cc3nsnc3c(NC)c21,6,20,1.19,291.1517667
67,CCCN1CCN(CC)c2c1cc1nsnc1c2NCC,6,21,1.17,305.1674167
68,CCCOC1N(C)c2cc3nsnc3cc2N1CC,6,19,1.15,278.1201322
69,CCCOC1N(C)c2cc3nsnc3cc2N1C(C)C,6,20,1.1,292.1357823
70,CCCN1CCN(C)c2cc3nsnc3c(C)c21,6,18,1.2,262.1252176
71,CC(C)Nc1c2c(cc3nsnc13)N(C)CCN2C,6,19,1.24,277.1361166
72,CNc1c2c(cc3nsnc13)N(C)CCN2CC(C)C,6,20,1.35,291.1517667
73,CCCCN1CCN(CC)c2cc3nsnc3c(CC)c21,6,21,1.31,304.1721678
74,CCCN1CCN(C(C)C)c2cc3nsnc3cc21,4,19,1.18,276.1408676
75,CCCN1CCN(CC)c2c1cc1nsnc1c2NC,6,20,1.12,291.1517667
76,CCOC1N(C)c2cc3nsnc3cc2N1C(C)C,6,19,1.11,278.1201322
77,CCOC1N(C)c2cc3nsnc3cc2N1C(C)CC,6,20,1.11,292.1357823
78,CCCCN1CCN(C(C)C)c2cc3nsnc3cc21,4,20,1.13,290.1565177
79,CCC(C)N1CCN(C)c2cc3nsnc3c(C)c21,6,19,1.22,276.1408676
80,CCCCN1CCN(C)c2cc3nsnc3c(C)c21,6,19,1.13,276.1408676
81,CCCN1c2cc3nsnc3cc2N(C)C1OC(C)C,6,20,1.12,292.1357823
82,CCN1c2cc3nsnc3cc2N(CC)C1OC,6,18,0.89,264.1044821
83,CCN1CCN(C)c2c1cc1nsnc1c2NC,6,18,1.23,263.1204665
84,CCCc1c2c(cc3nsnc13)N(C)CCN2C(C)CC,6,21,1.19,304.1721678
85,CCCCN1CCN(C)c2cc3nsnc3c(CC)c21,6,20,1.38,290.1565177
86,Cc1c2c(cc3nsnc13)N(C)CCN2C(C)C,6,18,1.15,262.1252176
87,CCN1CCc2c1cc1nsnc1c2C,5,15,1.26,219.0830184
88,CNc1c2c(cc3nsnc13)N(CC(C)C)CCN2C,6,20,1.21,291.1517667
89,CCNc1c2c(cc3nsnc13)N(C)CCN2CCOC,7,21,1.22,307.1466813
90,CCN1CCN(CC)c2c1c(C)c1nsnc1c2NC,8,20,1.29,291.1517667
91,CCC(C)Nc1c2c(cc3nsnc13)N(C)CCN2C,6,20,1.19,291.1517667
92,CCN1CC(C)c2c1cc1nsnc1c2C,5,16,1.19,233.0986685
93,Cc1c2c(cc3nsnc13)N(C)C(C)CC2,5,16,1.27,233.0986685
94,CCCN1CCN(C)c2c1cc1nsnc1c2C,6,18,1.24,262.1252176
95,CCN1CCN(CC(C)C)c2cc3nsnc3c(C)c21,6,20,1.38,290.1565177
96,CCCCN1CCN(C)c2cc3nsnc3c(CCC)c21,6,21,0.92,304.1721678
97,CCc1c2c(cc3nsnc13)N(CC)CCO2,4,17,1.27,249.0935831
98,CCN1c2cc3nsnc3cc2N(CC(C)C)C1OC,6,20,0.96,292.1357823
99,CCC(C)Nc1c2c(cc3nsnc13)N(C)CCN2CC,6,21,1.37,305.1674167
100,CCCOC1N(C)c2cc3nsnc3cc2N1CCC,6,20,1.12,292.1357823
101,CCC(C)c1c2c(cc3nsnc13)N(CC)CCN2C,6,20,1.24,290.1565177
102,CCN1CCN(CC(C)C)c2c1cc1nsnc1c2C,6,20,1.19,290.1565177
103,CCCN1CCN(C(C)C)c2cc3nsnc3c(C)c21,6,20,1.19,290.1565177
104,CCOC1N(CC)c2cc3nsnc3cc2N1C(C)C,6,20,1.14,292.1357823
105,CCOC1N(C)c2cc3nsnc3c(C)c2N1CC,8,19,0.84,278.1201322
106,CNc1c2c(cc3nsnc13)N(C)C(C)C2,5,16,1.2,234.0939174
107,CCC(C)N1c2cc3nsnc3cc2CC1C,3,17,1.32,247.1143185
108,CCCN1CCN(CCC)c2c1cc1nsnc1c2C,6,20,1.25,290.1565177
109,CCCN1CCN(CC)c2c1c(C)c1nsnc1c2C,8,20,1.36,290.1565177
110,COCCN1CCN(C)c2cc3nsnc3c(C)c21,7,19,1.21,278.1201322
111,CNc1c2c(cc3nsnc13)N(C)CCN2C(C)C,6,19,1.21,277.1361166
112,COc1c2c(cc3nsnc13)N(CC(C)C)CCN2C,6,20,1.25,292.1357823
113,CCN1CCN(C)c2c1cc1nsnc1c2NCCOC,7,21,0.96,307.1466813
114,CCN1CCc2c1cc1nsnc1c2NC,5,16,1.29,234.0939174
115,Cc1c2c(cc3nsnc13)N(C(C)C)CCO2,4,17,1.29,249.0935831
116,CCNc1c2c(cc3nsnc13)N(C)CCO2,4,17,1.28,250.0888321
117,CCCN1CCN(CC)c2cc3nsnc3c(N(C)C)c21,7,21,1.21,305.1674167
118,CCN1CCOc2c1cc1nsnc1c2C,4,16,1.26,235.077933
119,CCN1CCOc2c1cc1nsnc1c2NC,4,17,1.26,250.0888321
120,CCCN1c2cc3nsnc3cc2N(C)C1OC,6,18,1.12,264.1044821
121,CC(C)CN1c2cc3nsnc3cc2CC1C,3,17,1.28,247.1143185
122,CCN1CCN(C)c2cc3nsnc3c(NC)c21,6,18,1.23,263.1204665
123,COc1cc2nsnc2c2c1CCCN2C,5,16,1.35,235.077933
124,CC(C)CN1CCc2cc3nsnc3cc21,3,16,1.27,233.0986685
125,CNc1c2c(cc3nsnc13)N(C)CC2C,5,16,1.19,234.0939174
126,CCC(C)N1CN(C(C)CC)c2cc3nsnc3cc21,4,20,1.06,290.1565177
127,Cc1c2c(cc3nsnc13)N(CC(C)C)CN2C(C)C,6,20,1.09,290.1565177
128,CCCNc1c2c(cc3nsnc13)N(C(C)C)CCN2C,6,21,1.24,305.1674167
129,CCN1CCN(CCOC)c2cc3nsnc3c(NC)c21,7,21,1.21,307.1466813
130,CNc1c2c(cc3nsnc13)N(C)CC2,5,15,1.31,220.0782674
131,CCOc1cc2nsnc2c2c1C(C)CCN2,4,17,1.37,249.0935831
132,CCCOc1cc2nsnc2c2c1CCCN2,4,17,1.36,249.0935831
133,CCCCN1CCN(C)c2c1cc1nsnc1c2C,6,19,1.22,276.1408676
134,CCN1c2c(cc3nsnc3c2C)N(C)C1OC,8,18,1.14,264.1044821
135,CCC(C)N1CN(CC)c2c1cc1nsnc1c2C,6,19,1.13,276.1408676
136,CCNc1c2c(cc3nsnc13)N(C(C)CC)CN2C,6,20,1.03,291.1517667
137,CCN1c2cc3nsnc3c(C)c2N(C)C1OC,8,18,1.22,264.1044821
138,CCN1CN(CC)c2c1c(C)c1nsnc1c2C,8,18,1.01,262.1252176
139,CCN(C)c1cc2nsnc2c2c1OCCN2,4,17,1.54,250.0888321
140,CCOC1N(C)c2cc3nsnc3cc2N1CC(C)C,6,20,1.1,292.1357823
141,CCCN1CCN(CC(C)C)c2cc3nsnc3c(C)c21,6,21,1.25,304.1721678
142,CCCCN1CN(CCCC)c2cc3nsnc3cc21,4,20,1.13,290.1565177
143,COc1cc2nsnc2c2c1CCCN2,4,15,1.36,221.062283
144,CCCN1CN(CC)c2c1c(C)c1nsnc1c2C,8,19,1.15,276.1408676
145,CCCN1CN(CC)c2c1cc1nsnc1c2C,6,18,1.1,262.1252176
146,CNc1c2c(cc3nsnc13)N(C)CCO2,4,16,1.27,236.073182
147,COc1cc2nsnc2c2c1C(C)CCN2,4,16,1.38,235.077933
148,COC1N(C)c2cc3nsnc3c(C)c2N1C(C)C,8,19,0.8,278.1201322
149,CCCN1CCN(C)c2c1cc1nsnc1c2N(C)CC,7,21,1.32,305.1674167
150,CC(C)Oc1cc(N(C)C)c2nsnc2c1,5,16,1.29,237.0935831
151,CCCN1CN(C)c2c1cc1nsnc1c2NCC,6,19,1.22,277.1361166
152,CCNc1c(C)c(OCC)cc2nsnc12,6,16,1.67,237.0935831
153,CCN1CN(CC)c2cc3nsnc3cc21,4,16,1.12,234.0939174
154,CCNc1c2c(cc3nsnc13)N(C)CCN2CC(C)C,6,21,1.35,305.1674167
155,CCCN1CN(C(C)C)c2cc3nsnc3c(NC)c21,6,20,1.08,291.1517667
156,CCN1CN(C(C)C)c2cc3nsnc3c(NC)c21,6,19,1.01,277.1361166
157,CCCN1CCN(CC)c2c1cc1nsnc1c2N(C)C,7,21,1.21,305.1674167
158,CNc1c(C)c(OC(C)C)cc2nsnc12,6,16,1.36,237.0935831
159,CCCCN1CN(C(C)CC)c2cc3nsnc3cc21,4,20,0.78,290.1565177
160,CC(C)OC1N(C)c2cc3nsnc3cc2N1C(C)C,6,20,1.11,292.1357823
161,CCC(C)N1CN(CC)c2c1cc1nsnc1c2NC,6,20,1.29,291.1517667
162,CCC(C)N1c2cc3nsnc3cc2N(CC)C1OC,6,20,1.15,292.1357823
163,COc1cc2nsnc2c2c1OCCCC2,4,16,1.61,236.0619486
164,CCCN1CN(CC)c2cc3nsnc3cc21,4,17,1.03,248.1095675
165,CCOc1cc2nsnc2cc1OCC,4,15,1.53,224.0619486
166,CCOc1cc(N(C)C)c2nsnc2c1,5,15,1.22,223.077933
167,CC1Cc2c(c3c(c4nsnc24)NCCC3)O1,4,17,1.36,247.077933
168,COc1cc2nsnc2c2c1OC(C)CC2,4,16,1.36,236.0619486
169,CCCCN1CN(C)c2c1cc1nsnc1c2NCC,6,20,1,291.1517667
170,CCNc1c2c(cc3nsnc13)N(C)CCN2C(C)CC,6,21,1.18,305.1674167
171,CCNc1c(C)c(OC)cc2nsnc12,6,15,1.58,223.077933
172,Cc1cc2nsnc2c2c1C(C)CCN2,4,15,1.32,219.0830184
173,CCC(C)N1CN(C)c2c1cc1nsnc1c2NC,6,19,1.2,277.1361166
174,CCOc1cc2nsnc2c(NC)c1C,6,15,1.32,223.077933
175,CCC(C)N1CN(CC)c2cc3nsnc3c(NC)c21,6,20,1.38,291.1517667
176,CCN1CN(CC(C)C)c2cc3nsnc3cc21,4,18,1.14,262.1252176
177,CCCN1CN(C)c2c1cc1nsnc1c2NC(C)C,6,20,1.22,291.1517667
178,CCCCN1c2cc3nsnc3cc2N(CC)C1OC,6,20,1.1,292.1357823
179,Cc1cc2nsnc2c2c1CCC(C)N2,4,15,1.48,219.0830184
180,COc1cc2nsnc2c2c1CC(C)CN2,4,16,1.29,235.077933
181,CCN1CN(C(C)C)c2cc3nsnc3cc21,4,17,1.05,248.1095675
182,COc1cc2nsnc2cc1OCC(C)C,4,16,1.37,238.0775987
183,CNc1c2c(cc3nsnc13)N(CC(C)C)CN2C,6,19,1.24,277.1361166
185,CCOCCN1CCN(C)c2cc3nsnc3c(CC)c21,7,21,1.3,306.1514323
186,CCCN1CCN(C(C)C)c2cc3nsnc3c(OC)c21,6,21,1.42,306.1514323
187,CCNc1cc(OCC(C)C)cc2nsnc12,4,17,1.37,251.1092332
188,CCOC1N(C)c2cc3nsnc3cc2N1CC,6,18,1.14,264.1044821
189,CCNc1cc(OCC)cc2nsnc12,4,15,1.43,223.077933
190,CNc1c(N(C)C)c(OC)cc2nsnc12,7,16,1.21,238.0888321
191,CCCOc1cc2nsnc2c(NC)c1C,6,16,1.36,237.0935831
192,CC(C)CN1CN(C(C)C)c2cc3nsnc3cc21,4,19,1.03,276.1408676
193,CCN1c2cc3nsnc3c(C)c2N(CC)C1OC,8,19,1.16,278.1201322
194,CCc1c2c(cc3nsnc13)N(CC)CN2C(C)C,6,19,1.08,276.1408676
195,CCC1Oc2c(cc3nsnc3c2N(C)C)OC1C,7,19,1.44,279.1041478
196,CCCCN1CN(C(C)C)c2cc3nsnc3cc21,4,19,1.13,276.1408676
197,CCN1CN(CC(C)C)c2c1cc1nsnc1c2NC,6,20,1.24,291.1517667
198,CCc1c2c(cc3nsnc13)N(CC(C)C)CN2CC,6,20,1.2,290.1565177
199,CCCCN1CCN(C)c2c1c(C)c1nsnc1c2NC,8,21,1.52,305.1674167
200,CCN(CC)c1c2c(cc3nsnc13)OCC(C)O2,5,19,1.53,279.1041478
201,C1CNc2c(c3c(c4nsnc24)CCO3)C1,4,16,1.37,233.062283
202,CCN1CCN(C)c2c1c(NC)c1nsnc1c2C,8,19,1.27,277.1361166
203,CCCCN1CN(CC)c2c1cc1nsnc1c2C,6,19,1.14,276.1408676
204,COC1N(C)c2c(cc3nsnc3c2C)N1C(C)C,8,19,1.21,278.1201322
205,CCNc1c2c(c(C)c3nsnc13)N(CC)CCN2C,8,20,1.28,291.1517667
206,CCCc1c2c(cc3nsnc13)N(CCC)CN2CC,6,20,1.04,290.1565177
207,CCN1CN(C)c2c1c(C)c1nsnc1c2NC,8,18,1.17,263.1204665
208,CCN1c2cc3nsnc3cc2N(C)C1OC(C)C,6,19,1.14,278.1201322
209,CCc1c2c(cc3nsnc13)N(CC)C(OC)N2C,8,19,1.14,278.1201322
210,CCOc1cc(NCC(C)C)c2nsnc2c1,4,17,1.45,251.1092332
211,CCc1c2c(c(NC)c3nsnc13)N(C)CCN2CC,8,20,1.36,291.1517667
212,CCCCN1CN(C(C)C)c2c1cc1nsnc1c2C,6,20,1.01,290.1565177
213,CNc1c2c(c(C)c3nsnc13)N(C)CCN2C(C)C,8,20,1.26,291.1517667
214,CCOC1N(C)c2cc3nsnc3c(NC)c2N1C,8,19,1.14,279.1153812
215,COc1cc2nsnc2c(NC(C)C)c1C,6,16,1.07,237.0935831
216,CNc1c(C(C)C)c(OC)cc2nsnc12,6,16,1.34,237.0935831
217,CNc1c2c(c(C)c3nsnc13)N(C(C)C)CN2C,8,19,1.2,277.1361166
218,CC1CCNc2c1c1c(c3nsnc23)CCO1,4,17,1.32,247.077933
219,CCNc1cc(OC)cc2nsnc12,4,14,1.51,209.062283
220,CCCc1c2c(cc3nsnc13)N(C(C)C)CN2CC,6,20,1.14,290.1565177
221,COc1c2c(cc3nsnc13)N(C(C)C)CCN2C,6,19,1.26,278.1201322
222,CCC(C)N1CCN(C)c2c1c(NC)c1nsnc1c2C,8,21,1.26,305.1674167
223,Cc1c2c(cc3nsnc13)N(C(C)C)CN2C(C)C,6,19,0.95,276.1408676
224,CCNc1c2c(cc3nsnc13)OCCC2,4,16,1.44,235.077933
225,CCCc1c(OC)cc2nsnc2c1NC,6,16,1.38,237.0935831
226,CNc1c2c(cc3nsnc13)N(C)CN2CC(C)C,6,19,0.9,277.1361166
227,CCc1c2c(cc3nsnc13)N(C(C)CC)CN2C,6,19,1,276.1408676
228,CCc1c2c(c(C)c3nsnc13)N(CC)CN2CC,8,19,1.07,276.1408676
229,CCc1c2c(cc3nsnc13)N(CC)CN2CC,6,18,1.11,262.1252176
230,CCCNc1c2c(cc3nsnc13)OCCC2,4,17,1.45,249.0935831
231,CCC(C)N1CN(CC)c2cc3nsnc3c(C)c21,6,19,1.13,276.1408676
232,CCOc1cc(NC(C)C)c2nsnc2c1,4,16,1.59,237.0935831
233,COc1cc2nsnc2c2c1CCCCN2,4,16,1.42,235.077933
234,CCNc1c(CC)c(C)cc2nsnc12,6,15,1.49,221.0986685
235,CCC(C)N1CN(C)c2c1c(C)c1nsnc1c2C,8,19,0.99,276.1408676
236,CCOc1cc(NC(C)CC)c2nsnc2c1,4,17,1.23,251.1092332
237,CCNc1c2c(cc3nsnc13)OCC(C)C2,4,17,1.43,249.0935831
238,CCCCN1CN(CCC)c2c1cc1nsnc1c2C,6,20,1,290.1565177
239,CCN1c2c(ccc3nsnc23)CCC1C,3,16,1.52,233.0986685
240,CCNc1cc(OC(C)CC)cc2nsnc12,4,17,1.35,251.1092332
241,CCCN1CN(CC(C)C)c2cc3nsnc3cc21,4,19,1.12,276.1408676
242,Cc1c2c(cc3nsnc13)N(C(C)C)CN2C,6,17,1.13,248.1095675
243,CC(C)CN1CN(CC(C)C)c2cc3nsnc3cc21,4,20,1.1,290.1565177
244,CNc1c2c(cc3nsnc13)OC(C)CC2,4,16,1.41,235.077933
245,CNc1c(C)c2c(c3nsnc13)CC(C)O2,6,16,1.4,235.077933
246,CCc1c2c(c(C)c3nsnc13)N(C(C)C)CN2C,8,19,1.22,276.1408676
247,CCOCCN1CN(CC)c2cc3nsnc3cc21,5,19,1.06,278.1201322
248,CCN1CN(CC)c2c1cc1nsnc1c2C,6,17,1.09,248.1095675
249,CCCNc1c2c(cc3nsnc13)N(C(C)C)CN2C,6,20,1.22,291.1517667
250,CCCN1CN(CCC)c2cc3nsnc3cc21,4,18,1.04,262.1252176
251,CCCc1c(C)cc2nsnc2c1NCC,6,16,1.44,235.1143185
252,CCN1CN(C(C)C)c2c1cc1nsnc1c2C,6,18,1.25,262.1252176
253,CCCOc1cc(NC(C)C)c2nsnc2c1,4,17,1.23,251.1092332
254,CCC(C)N1CN(C)c2c1cc1nsnc1c2C,6,18,1.04,262.1252176
255,CCCCN1CN(C)c2cc3nsnc3cc21,4,17,1.11,248.1095675
256,CCN1c2cc3nsnc3cc2N(C)C1OCC(C)C,6,20,1.15,292.1357823
257,CCCN1CN(C(C)CC)c2cc3nsnc3cc21,4,19,1.11,276.1408676
258,CCNc1c2c(cc3nsnc13)N(C(C)C)CN2C,6,19,1.34,277.1361166
259,CCCN1CN(CCC)c2c1cc1nsnc1c2C,6,19,1.05,276.1408676
260,CCCN1c2cc3nsnc3c(C)c2N(C)C1OC,8,19,1.2,278.1201322
261,CCOc1c2c(cc3nsnc13)N(C(C)C)CCN2C,6,20,1.25,292.1357823
262,CNc1c(N(C)C)c(C)cc2nsnc12,7,15,1.48,222.0939174
263,CCN1CN(C)c2c1c(C)c1nsnc1c2C,8,17,1.12,248.1095675
264,CCCCN1CN(CC(C)C)c2cc3nsnc3cc21,4,20,1.07,290.1565177
265,CCN(C)c1cc(OC)cc2nsnc12,5,15,1.33,223.077933
266,CC(C)CN1CN(C)c2cc3nsnc3cc21,4,17,1.05,248.1095675
267,CCCN1CN(C(C)C)c2cc3nsnc3cc21,4,18,1.02,262.1252176
268,Cc1c2c(cc3nsnc13)N(CC(C)C)CN2C,6,18,1.11,262.1252176
269,CCCN1CN(C(C)C)c2c1cc1nsnc1c2C,6,19,1.24,276.1408676
270,CCCN1CN(C)c2c1cc1nsnc1c2C,6,17,1.12,248.1095675
271,CNc1c2c(c(C)c3nsnc13)OCCC2,6,16,1.38,235.077933
272,CNc1c2c(cc3nsnc13)OCCC2C,4,16,1.43,235.077933
273,CCNc1c2c(cc3nsnc13)OC(C)C2C,4,17,1.37,249.0935831
274,CCCN1CN(C(C)CC)c2cc3nsnc3c(C)c21,6,20,1.13,290.1565177
275,CC1CNc2c(c3c(c4nsnc24)CCO3)C1,4,17,1.43,247.077933
276,CCNc1c2c(cc3nsnc13)N(CC)CN2C,6,18,1.13,263.1204665
277,CCNc1c2c(cc3nsnc13)N(CC)CN2C(C)C,6,20,1.12,291.1517667
278,Cc1c2c(cc3nsnc13)N(C)CN2C(C)C,6,17,1.09,248.1095675
279,CCC(C)OC1N(C)c2cc3nsnc3cc2N1C,6,19,1.11,278.1201322
280,CNc1c2c(cc3nsnc13)OCCC2,4,15,1.41,221.062283
281,CCCCN1CN(CC)c2cc3nsnc3c(C)c21,6,19,0.93,276.1408676
282,CCNc1c2c(cc3nsnc13)N(CC)CN2CC,6,19,0.86,277.1361166
283,CCN1c2cc3nsnc3cc2N(C)C1OC,6,17,1.11,250.0888321
284,COc1cc(NC(C)C)c2nsnc2c1,4,15,1.23,223.077933
285,Cc1c2c(cc3nsnc13)N(C)CN2CC(C)C,6,18,1.07,262.1252176
286,CCCCN1CN(CCOC)c2cc3nsnc3cc21,5,20,1.23,292.1357823
287,CNc1cc2c(c3nsnc13)CCC(C)O2,4,16,1.28,235.077933
288,CNc1c2c(cc3nsnc13)N(C(C)C)CN2C,6,18,1.21,263.1204665
289,CCCOc1cc(NC)c2nsnc2c1,4,15,1.3,223.077933
290,CNc1c2c(cc3nsnc13)OCC(C)C2,4,16,1.41,235.077933
291,CCNc1c(N(C)C)c(C)cc2nsnc12,7,16,1.49,236.1095675
292,CCCCN1CN(CCC)c2cc3nsnc3cc21,4,19,1.08,276.1408676
293,CCC(C)N1CN(C)c2cc3nsnc3c(C)c21,6,18,0.86,262.1252176
294,CNc1c2c(c(C)c3nsnc13)N(C(C)C)CCN2C,8,20,1.35,291.1517667
295,CCN1CN(C(C)C)c2c1c(C)c1nsnc1c2C,8,19,1.17,276.1408676
296,Cc1c2c(c(C)c3nsnc13)N(C(C)C)CN2C,8,18,1.15,262.1252176
297,Cc1c2c(cc3nsnc13)N(C)C(OC(C)C)N2C,8,19,1.19,278.1201322
298,CCCCOc1cc(NC)c2nsnc2c1,4,16,1.37,237.0935831
299,CCN1CN(C)c2c1c(NC)c1nsnc1c2C,8,18,1.22,263.1204665
300,CCNc1c2c(c(OC)c3nsnc13)N(C)CCN2C,8,20,1.53,293.1310312
301,CCCOc1cc(NCC)c2nsnc2c1,4,16,1.35,237.0935831
302,CCC(C)N1CCN(CC)c2cc3nsnc3c(OC)c21,6,21,1.2,306.1514323
303,CCc1c2c(c(C)c3nsnc13)CC(C)O2,6,16,1.37,234.0826841
304,COc1cc2nsnc2c2c1C(C)(C)CN2,4,16,1.42,235.077933
305,CNc1c(C)c2c(c3nsnc13)C(C)CO2,6,16,1.39,235.077933
306,CNc1c(C)c2c(c3nsnc13)CCO2,6,15,1.4,221.062283
307,Cc1c2c(c(C)c3nsnc13)OC(C)C2,6,15,1.38,220.067034
308,CNc1cc(OC)cc2nsnc12,4,13,1.39,195.0466329
309,CNc1c2c(cc3nsnc13)CCC2C,4,15,1.63,219.0830184
310,CC(C)CNc1c2c(cc3nsnc13)C1CCC2C1,2,19,1.35,273.1299686
311,CCN1CCN(C)c2c1c(C)c1nsnc1c2NC,8,19,1.29,277.1361166
312,CNc1c2c(cc3nsnc13)N(CCOC)CCN2C,7,20,1.25,293.1310312
313,CCN1CN(C)c2c1cc1nsnc1c2NC(C)C,6,19,1.18,277.1361166
314,CCCN1CCN(CC)c2cc3nsnc3c(OC)c21,6,20,1.3,292.1357823
315,CCNc1c2c(c(CC)c3nsnc13)C1CCC2C1,4,19,1.53,273.1299686
316,CCNc1c2c(cc3nsnc13)N(C)CN2C(C)C,6,19,1.11,277.1361166
317,CNc1cc2c(c3nsnc13)CC(C)CO2,4,16,1.42,235.077933
318,CCNc1c2c(cc3nsnc13)OCC2C,4,16,1.44,235.077933
319,CCCN1CN(C)c2c1cc1nsnc1c2NC,6,18,1.27,263.1204665
320,CCCN1CCN(C)c2c1c(C)c1nsnc1c2NC,8,20,1.33,291.1517667
321,CNc1c2c(c(C)c3nsnc13)OC(C)C2,6,16,1.27,235.077933
322,CNc1c2c(cc3nsnc13)OCCN2C,4,16,1.4,236.073182
323,CCC1Cc2c(c(C)c3nsnc3c2C)O1,6,16,1.42,234.0826841
324,CCNc1c2c(cc3nsnc13)OC(C)C(C)O2,6,18,1.31,265.0884977
325,CNc1cc2c(c3nsnc13)CCCO2,4,15,1.37,221.062283
326,CCCCNc1cc(C)cc2nsnc12,4,15,1.47,221.0986685
327,CCNc1cc2c(c3nsnc13)C(C)(C)CO2,4,17,1.36,249.0935831
328,CCN1CN(C(C)C)c2c1cc1nsnc1c2NC,6,19,1.05,277.1361166
329,Cc1c2c(c(OC(C)C)c3nsnc13)OC(C)CO2,6,19,1.53,280.0881634
330,CCCCN1CN(CC)c2cc3nsnc3cc21,4,18,1.11,262.1252176
331,CCCN1CN(CC)c2cc3nsnc3c(NC)c21,6,19,1.11,277.1361166
332,CCN1CN(C)c2c1cc1nsnc1c2C,6,16,1.11,234.0939174
333,CCC1Oc2c(cc3nsnc3c2C)OC1C(C)C,6,19,1.33,278.1088988
334,CCNc1cc2c(c3nsnc13)CCO2,4,15,1.41,221.062283
335,CNc1c2c(cc3nsnc13)OC(C)C2,4,15,1.44,221.062283
336,CCN1CN(C)c2cc3nsnc3c(NC)c21,6,17,1.09,249.1048165
337,CCCNc1c2c(c(C)c3nsnc13)C1CCC2C1,4,19,1.18,273.1299686
338,CCCCN1CN(C)c2c1cc1nsnc1c2NC,6,19,1.09,277.1361166
339,CCNc1c2c(cc3nsnc13)C1CCC2C1,2,17,1.4,245.0986685
340,CCN1CN(C)c2c1cc1nsnc1c2NCC(C)C,6,20,1.09,291.1517667
341,CCN1c2cc3nsnc3c(NC)c2N(C)C1OC,8,19,1.22,279.1153812
342,CCC(C)Nc1cc(OC)cc2nsnc12,4,16,1.23,237.0935831
343,CCNc1c2c(cc3nsnc13)N(CC(C)C)CN2C,6,20,1.19,291.1517667
344,COCCN1CN(C)c2c1cc1nsnc1c2C,7,18,1.16,264.1044821
345,CCCN1CN(CC)c2cc3nsnc3c(C)c21,6,18,1.01,262.1252176
346,CCCN1CN(C)c2cc3nsnc3cc21,4,16,1.1,234.0939174
347,CCCc1cc(NCC)c2nsnc2c1,4,15,1.47,221.0986685
348,CCNc1c2c(c(CC)c3nsnc13)OC(C)CO2,6,19,1.31,279.1041478
349,CCCN1c2c(cc3nsnc3c2C)N(C)C1OC,8,19,1.11,278.1201322
350,CNc1c2c(c(C(C)C)c3nsnc13)N(C)CN2C,8,19,0.97,277.1361166
351,CCC1Oc2cc3nsnc3c(C)c2OC1C(C)C,6,19,1.42,278.1088988
352,CCCC1Oc2c(cc3nsnc3c2NC)OC1C,6,19,1.28,279.1041478
353,CC(C)CNc1c2c(cc3nsnc13)N(C)CN2C,6,19,1.37,277.1361166
354,CNc1c2c(c(C)c3nsnc13)OC(C)C(C)O2,8,18,1.44,265.0884977
355,CNc1c2c(c(C)c3nsnc13)CCN2C,7,16,1.29,234.0939174
356,Cc1c2c(c(C)c3nsnc13)C(C)(C)CO2,6,16,1.41,234.0826841
357,CCC1CNc2c1c(OC)cc1nsnc21,4,16,1.42,235.077933
358,CNc1c2c(cc3nsnc13)N(CCOC)CN2C,7,19,1.05,279.1153812
359,CNc1c2c(c(C)c3nsnc13)C1CCC2C1,4,17,1.33,245.0986685
360,CCCN1CN(C)c2c1c(C)c1nsnc1c2C,8,18,1.11,262.1252176
361,CCNc1cc2c(c3nsnc13)C(CC)CO2,4,17,1.37,249.0935831
362,CNc1c2c(c(C)c3nsnc13)N(C)CCN2C,8,18,1.38,263.1204665
363,CCCOc1cc2nsnc2c2c1OCCN2,3,17,1.35,251.0728477
364,CC1Cc2cc3nsnc3c(N(C)C)c2O1,5,16,1.45,235.077933
365,CCOc1cc2nsnc2c2c1OC(C)CO2,4,17,1.35,252.0568632
366,CCNc1c2c(cc3nsnc13)N(C)CC2,5,16,1.32,234.0939174
367,CCNc1c2c(c(C)c3nsnc13)OC(CC)CO2,6,19,1.37,279.1041478
368,CCC1COc2c1c(C)c1nsnc1c2C,6,16,1.44,234.0826841
369,CCNc1c2c(cc3nsnc13)OC(CC)CO2,5,18,1.4,265.0884977
370,CCC(C)N1CN(C)c2cc3nsnc3c(NC)c21,6,19,0.91,277.1361166
371,CCCNc1cc(CC)cc2nsnc12,4,15,1.41,221.0986685
372,CCOc1cc(NC)c2nsnc2c1CC,6,16,1.38,237.0935831
373,Cc1c2c(c(C)c3nsnc13)C(C)CO2,6,15,1.4,220.067034
374,CNc1c2c(cc3nsnc13)OCCCC2,4,16,1.43,235.077933
375,CCNc1c2c(cc3nsnc13)N(C)CN2CC(C)C,6,20,1.1,291.1517667
376,CCCN(CC(C)C)c1ccc2nsnc2c1,3,17,1.33,249.1299686
377,CCc1c2c(c(C)c3nsnc13)OCC2,6,15,1.39,220.067034
378,CCNc1c2c(c(C)c3nsnc13)OC(C)CO2,6,18,1.45,265.0884977
379,CNc1c2c(cc3nsnc13)OCC2C,4,15,1.32,221.062283
380,CNc1c2c(c(C)c3nsnc13)N(C)CN2C,8,17,1.12,249.1048165
381,CCc1c2c(c(NC)c3nsnc13)N(CC)CN2C,8,19,1.33,277.1361166
382,CNc1c2c(cc3nsnc13)C1CCC2C1,2,16,1.44,231.0830184
383,CCNc1c2c(cc3nsnc13)OC(C)C(CC)O2,6,19,1.5,279.1041478
384,C1COc2c3c(c4nsnc4c2C1)NCCO3,3,17,1.34,249.0571976
385,COCCOC1N(C)c2cc3nsnc3cc2N1C,7,19,0.86,280.0993968
386,CCC1COc2cc3nsnc3c(NC)c21,4,16,1.35,235.077933
387,CNc1c2c(cc3nsnc13)N(C)CN2CCOC,7,19,1.3,279.1153812
388,CCC1Cc2c(cc(NC)c3nsnc23)O1,4,16,1.44,235.077933
389,CCCNc1c2c(cc3nsnc13)OC(C)CO2,4,18,1.46,265.0884977
390,CC1Cc2c(cc3nsnc3c2C(C)C)O1,4,16,1.39,234.0826841
391,CCc1c2c(c(C)c3nsnc13)CCO2,6,15,1.4,220.067034
392,CCNc1c2c(cc3nsnc13)OC(C)CO2,4,17,1.25,251.0728477
393,CCCN1CN(C)c2c1c(C)c1nsnc1c2NC,8,19,1.16,277.1361166
394,CCCNc1c2c(cc3nsnc13)N(C)CN2C,6,18,1.25,263.1204665
395,CCC1Oc2cc3nsnc3c(NC)c2OC1C,6,18,1.44,265.0884977
396,Cc1c2c(c(C)c3nsnc13)OCC2,6,14,1.39,206.0513839
397,CCCCN1CN(CCC)c2cc3nsnc3c(C)c21,6,20,0.88,290.1565177
398,CCCOc1cc(N(C)C)c2nsnc2c1,5,16,1.36,237.0935831
399,CCN1CN(C)c2c1cc1nsnc1c2NC,6,17,1.14,249.1048165
400,CCCCc1cc(NCC)c2nsnc2c1,4,16,1.48,235.1143185
401,COc1cc2nsnc2c2c1OCCN2,3,15,1.37,223.0415475
402,CC(C)Oc1c2c(cc3nsnc13)OCC(C)O2,5,18,1.52,266.0725133
403,CCCN1CN(C)c2c1c(NC)c1nsnc1c2C,8,19,1.22,277.1361166
404,CNc1c2c(cc3nsnc13)OC(C)C(C)O2,6,17,1.49,251.0728477
405,CCNc1c2c(cc3nsnc13)OC(C)C2,4,16,1.19,235.077933
406,CCN1c2cc3nsnc3c(OC)c2N(C)C1OC,8,19,1.25,280.0993968
408,CNc1c2c(c(C)c3nsnc13)OC(C(C)C)CO2,6,19,1.45,279.1041478
409,Cc1c2c(cc3nsnc13)OC(C)C2C,4,15,1.59,220.067034
410,CCNc1c2c(cc3nsnc13)OC(C(C)C)CO2,5,19,1.42,279.1041478
411,CCOc1cc2nsnc2c2c1OCCN2,3,16,1.33,237.0571976
412,CCCCN1CN(CC)c2cc3nsnc3c(NC)c21,6,20,1.08,291.1517667
413,CCNc1c2c(cc3nsnc13)OCC(C(C)C)O2,4,19,1.43,279.1041478
414,CCCCN1CN(CC)c2c1cc1nsnc1c2NC,6,20,1.14,291.1517667
415,CCNc1c2c(c(C)c3nsnc13)OCC(C)O2,6,18,1.38,265.0884977
416,CCCNc1c2c(cc3nsnc13)OCC(CC)O2,5,19,1.36,279.1041478
417,CCC1Oc2c(cc3nsnc3c2C)OC1C,6,17,1.59,250.0775987
418,Cc1c2c(cc3nsnc13)OC(C)C2,4,14,1.44,206.0513839
419,CCCCNc1c2c(cc3nsnc13)N(C)CN2CC,6,20,1.11,291.1517667
420,CNc1cc2c(c3nsnc13)CCCCO2,4,16,1.32,235.077933
421,CCCNc1c2c(cc3nsnc13)N(CCC)CN2C,6,20,1.14,291.1517667
422,CCC1Cc2c(cc3nsnc3c2C)O1,4,15,1.44,220.067034
423,CCCNc1c2c(cc3nsnc13)OCC(C)O2,4,18,1.32,265.0884977
424,CCNc1c2c(c(C)c3nsnc13)OCC2,6,16,1.39,235.077933
425,CCOc1cc2nsnc2c(NC)c1OC,6,16,1.51,239.0728477
426,CCCN1CN(CC)c2c1cc1nsnc1c2NC,6,19,1.16,277.1361166
427,CCN1CN(CC(C)C)c2cc3nsnc3c(NC)c21,6,20,1.09,291.1517667
428,CNc1c2c(cc3nsnc13)OC(C(C)C)CO2,5,18,1.42,265.0884977
429,COc1c2c(cc3nsnc13)N(C)CCN2C(C)C,6,19,1.15,278.1201322
430,CCC(C)Nc1c2c(cc3nsnc13)N(CC)CN2C,6,20,1.24,291.1517667
431,CCCNc1c2c(cc3nsnc13)C1CCC2C1,2,18,1.58,259.1143185
432,CNc1c2c(cc3nsnc13)N(C)CN2C,6,16,1.27,235.0891664
433,CCCNc1c2c(c(CC)c3nsnc13)OCCO2,4,19,1.43,279.1041478
434,CCC1Oc2cc3nsnc3c(C)c2OC1CC,6,18,1.33,264.0932488
435,CCCN1CN(CCOC)c2cc3nsnc3cc21,5,19,1.02,278.1201322
436,CCc1c2c(c(NC)c3nsnc13)OCC(C)O2,6,18,1.44,265.0884977
437,CC1(C)CNc2c1c1c(c3nsnc23)CCO1,4,17,1.44,247.077933
438,CCc1c2c(c(NC)c3nsnc13)OC(C)CO2,6,18,1.31,265.0884977
439,CCc1c(OC)cc(NC)c2nsnc12,6,15,1.39,223.077933
440,CNc1c2c(c(C)c3nsnc13)OC(C)CO2,6,17,1.44,251.0728477
441,CCCCNc1cc(OC)cc2nsnc12,4,16,1.33,237.0935831
442,CCC1Cc2cc3nsnc3c(C)c2O1,4,15,1.49,220.067034
443,CNc1cc2c(c3nsnc13)C(C)(C)CO2,4,16,1.39,235.077933
444,CC(C)Nc1c2c(cc3nsnc13)N(C)CN2C,6,18,1.02,263.1204665
445,CCCNc1c2c(cc3nsnc13)N(CC)CN2C,6,19,1.05,277.1361166
446,CCC1COc2c(c(OC)cc3nsnc23)O1,4,17,1.36,252.0568632
447,CCCC1Oc2cc3nsnc3c(NC)c2OC1C,6,19,1.43,279.1041478
448,CCC(C)N1CN(CC)c2cc3nsnc3c(OC)c21,6,20,1.27,292.1357823
449,CCCOc1cc(NC)c2nsnc2c1C,6,16,1.4,237.0935831
450,CCNc1c2c(c(CC)c3nsnc13)OCCO2,5,18,1.22,265.0884977
451,CCCCC1COc2c(cc3nsnc3c2NC)O1,4,19,1.45,279.1041478
452,CNc1cc2c(c3nsnc13)C(C)CO2,4,15,1.4,221.062283
453,CCCC1COc2c(c(NC)c3nsnc3c2C)O1,6,19,1.35,279.1041478
454,COc1cc2nsnc2c2c1OC(C)CO2,4,16,1.49,238.0412132
455,CCc1c2c(cc3nsnc13)OCC(C(C)C)O2,4,18,1.52,264.0932488
456,CCC1COc2c(c(NC)c3nsnc3c2C)O1,6,18,1.37,265.0884977
457,CCCCNc1c2c(c(C)c3nsnc13)OCCO2,4,19,1.36,279.1041478
458,COCCNc1c2c(cc3nsnc13)N(C)CN2C,7,19,1.11,279.1153812
459,CCCC1COc2c(cc3nsnc3c2NC)O1,4,18,1.42,265.0884977
460,CNc1c2c(cc3nsnc13)OCC(C(C)C)O2,5,18,1.4,265.0884977
461,CCCC1COc2cc3nsnc3c(NC)c2O1,4,18,1.45,265.0884977
462,CCCCNc1c2c(cc3nsnc13)OC(C)CO2,4,19,1.29,279.1041478
463,CC(C)C1Oc2cc3nsnc3cc2OC1C(C)C,4,19,1.43,278.1088988
464,CCOc1c(OC)cc2nsnc2c1NC,6,16,1.41,239.0728477
465,CNc1c2c(c(C)c3nsnc13)OCC(C)O2,6,17,1.44,251.0728477
466,CCCC1COc2cc3nsnc3c(NCC)c2O1,5,19,1.18,279.1041478
467,CC(C)CNc1c2c(cc3nsnc13)OCCO2,3,18,1.41,265.0884977
468,CNc1c2c(cc3nsnc13)OCC2OC,5,16,1.46,237.0571976
469,CCC(C)C1COc2c(cc3nsnc3c2NC)O1,4,19,1.39,279.1041478
470,CCCNc1c2c(cc3nsnc13)OCCO2,2,17,1.44,251.0728477
471,CCCCC1COc2cc3nsnc3c(NCC)c2O1,4,20,1.27,293.1197978
472,CNc1c2c(cc3nsnc13)OCC(CCOC)O2,5,19,1.4,281.0834123
473,CCNc1c2c(c(C)c3nsnc13)N(C)CN2C,8,18,1.04,263.1204665
474,CNc1c2c(cc3nsnc13)OCC(CC(C)C)O2,4,19,1.5,279.1041478
475,CCC1Oc2cc3nsnc3c(NC)c2OC1CC,6,19,1.39,279.1041478
476,CCc1c2c(c(NC)c3nsnc13)CCO2,6,16,1.26,235.077933
477,CCC1COc2cc3nsnc3c(NC)c2O1,4,17,1.41,251.0728477
478,CCC1COc2c(c(C)c3nsnc3c2NC)O1,6,18,1.38,265.0884977
479,CCCNc1c2c(c(C)c3nsnc13)OCCO2,4,18,1.39,265.0884977
480,Cc1c2c(cc3nsnc13)OCC2(C)C,4,15,1.47,220.067034
481,CC(C)c1c2c(cc3nsnc13)OCC2C,4,16,1.52,234.0826841
482,CCCC1Oc2cc3nsnc3c(C)c2OC1CC,6,19,1.56,278.1088988
483,CCC1COc2cc(NC)c3nsnc3c21,4,16,1.39,235.077933
484,CCNc1c2c(cc3nsnc13)OCCO2,3,16,1.27,237.0571976
485,CC(C)c1c2c(cc3nsnc13)OCC2,4,15,1.42,220.067034
486,CC(C)Oc1cc2nsnc2c2c1OCCN2,3,17,1.46,251.0728477
487,CCN1CCN(C)c2c1c(NC)c1nsnc1c2OC,8,20,1.41,293.1310312
488,CCCNc1c2c(c(C)c3nsnc13)N(C)CN2C,8,19,1.27,277.1361166
489,CCN1CN(CC(C)C)c2cc3nsnc3c(OC)c21,6,20,1.1,292.1357823
490,CNc1c2c(cc3nsnc13)OCC(C)O2,4,16,1.43,237.0571976
491,CCNc1c(N(C)CC)ccc2nsnc12,5,16,1.71,236.1095675
492,CNc1c2c(cc3nsnc13)OC(C)CO2,4,16,1.37,237.0571976
493,CCN1CN(CC)c2c1cc1nsnc1c2NC,6,18,1.21,263.1204665
494,CNc1c2c(c(C)c3nsnc13)OCC2,6,15,1.35,221.062283
495,CCCNc1c2c(cc3nsnc13)OCC2,4,16,1.21,235.077933
496,CCNc1c(N(C)C)ccc2nsnc12,5,15,1.56,222.0939174
497,CCN1CN(CCN(C)C)c2cc3nsnc3cc21,6,19,1.06,277.1361166
498,CCC(C)C1COc2cc3nsnc3c(NC)c2O1,4,19,1.39,279.1041478
499,CCCOc1c2c(c(CCC)c3nsnc13)C1CCC2C1,4,21,1.38,302.1452843
500,CCC1COc2c(cc3nsnc3c2NC)O1,5,17,1.43,251.0728477
501,c1cc2nsnc2c2c1CCCN2,2,13,1.48,191.0517183
502,CCNc1c2c(c(NC(C)CC)c3nsnc13)C1CCC2C1,4,22,1.63,316.1721678
503,CCNc1c2c(c(OC(C)C)c3nsnc13)C1CCC2CC1,4,22,1.59,317.1561834
504,CCN(c1c2c(cc3nsnc13)C1CCC2C1)C(C)C,3,20,1.36,287.1456187
505,CCC(C)OCCc1c2c(cc3nsnc13)C1CCC2CC1,3,22,1.55,316.1609344
506,CC(C)c1c2c(cc3nsnc13)N(C)CCN2C,6,18,1.29,262.1252176
507,CNc1cc(OC)c(C)c2nsnc12,6,14,1.39,209.062283
509,CCN(C)c1c(OC)cc2nsnc2c1C,7,16,1.64,237.0935831
510,Cc1c2c(c(NC(C)C)c3nsnc13)OCCO2,5,18,1.15,265.0884977
511,CC1Cc2c(OC(C)C)cc3nsnc3c2N1,4,17,1.43,249.0935831
512,COc1c2c(c(C)c3nsnc13)CCC2,6,15,1.5,220.067034
513,COCCOCCc1c2c(cc3nsnc13)C1CCC2CC1,4,22,1.41,318.1401989
514,Cc1c2c(cc3nsnc13)OC(C(C)C)CO2,4,17,1.5,250.0775987
515,CCc1cc2nsnc2c2c1CCC([O-])=[NH+]2,4,16,1.71,233.062283
516,CCCN1CCCc2cc3nsnc3cc21,3,16,1.3,233.0986685
517,CN1CCc2c(ccc3nsnc23)C1,4,14,1.33,205.0673684
518,CCc1c2c(c(CCN(C)CC)c3nsnc13)C1CCC2C1,6,22,1.36,315.1769188
519,CCc1ccc(NC(C)C)c2nsnc12,4,15,1.46,221.0986685
520,CCCc1c2c(c(OC)c3nsnc13)OCCO2,4,18,1.44,266.0725133
521,Cc1cc2c(c3nsnc13)OCCN2C,4,15,1.44,221.062283
522,CCN1CN(C)c2c1c(OC)c1nsnc1c2OC,8,19,1.25,280.0993968
523,Cc1cc2nsnc2c2c1C(N(C)C)CO2,6,16,1.6,235.077933
524,C1COc2c3c(c4nsnc4c2N1)CCO3,3,16,1.39,235.0415475
525,CCN1CN(C)c2c1c(NC)c1nsnc1c2OC,8,19,1.09,279.1153812
526,Cc1cc(CC(C)C)c(C)c2nsnc12,6,15,1.52,220.1034195
527,CCN1CCN(CC)c2c1cc1nsnc1c2/[NH+]=C(\C)[O-],6,21,1.41,305.1310312
528,COc1cc2c(c3nsnc13)OC(C)CO2,4,16,1.51,238.0412132
529,CCCc1c2c(c(C(C)CC)c3nsnc13)C1CCC2C1,4,21,1.38,300.1660198
530,CCCc1cc2nsnc2c(C)c1CC,6,15,1.51,220.1034195
531,CC/C([O-])=[N+](\c1c2c(cc3nsnc13)C1CCC2CC1)C(C)C,3,23,1.63,329.1561834
532,CCCCc1c2c(c(CCOC)c3nsnc13)C1CCC2C1,5,22,1.34,316.1609344
533,CCOc1c2c(cc3nsnc13)OCC(C)O2,4,17,1.56,252.0568632
534,CCCCOc1c2c(c(CCC)c3nsnc13)C1CCC2CC1,4,23,1.5,330.1765845
535,CCCN1CN(C)c2cc3nsnc3c(CC(C)C)c21,6,20,1.17,290.1565177
536,CCCc1c2c(c(CC)c3nsnc13)C1CCC2C1,4,19,1.29,272.1347196
537,CC/C([O-])=[NH+]\c1c2c(c(OC)c3nsnc13)OCCO2,4,20,1.69,295.0626769
538,CN1CCOCc2c1ccc1nsnc21,4,15,1.48,221.062283
539,COc1cc(C)c2nsnc2c1NC(C)C,6,16,1.24,237.0935831
541,CCCc1c(OC)cc(C)c2nsnc12,6,15,1.51,222.0826841
542,COc1cc2c(c3nsnc13)OCCO2,3,15,1.52,224.0255631
543,CCC(C)c1cc(C)c(OC)c2nsnc12,6,16,1.53,236.0983341
544,CCOc1ccc2nsnc2c1NC,4,14,1.51,209.062283
545,CN(C)CCN(C)c1cccc2nsnc12,5,16,1.45,236.1095675
546,COc1c(C)cc2nsnc2c1/[NH+]=C(\C)[O-],6,16,1.74,237.0571976
547,COc1cc2c(c3nsnc13)OCC2OC,5,16,1.76,238.0412132
548,COc1c2c(c(C)c3nsnc13)CCO2,6,15,1.47,222.0462986
549,CCc1c2c(c(CC)c3nsnc13)C1CCC2CC1,4,19,1.39,272.1347196
550,CCCCNc1c2c(c(N(C)C)c3nsnc13)C1CCC2CC1,5,23,1.4,330.1878178
551,CN1CC(C)(C)c2c1ccc1nsnc21,3,15,1.49,219.0830184
552,CCOc1c2c(cc3nsnc13)N(C)CN2C(C)C,6,19,1.15,278.1201322
553,COc1cc2c(c3nsnc13)[N+](C)=C([O-])C2,5,16,1.65,235.0415475
554,CCCc1c2c(c(OC)c3nsnc13)N(C)CN2C,8,19,1.18,278.1201322
555,CCOC1N(C)c2cc3nsnc3cc2N1C,6,17,0.97,250.0888321
556,CCOc1c2c(c(OC)c3nsnc13)N(C)CCN2C,8,20,1.31,294.1150468
557,CCCCc1c2c(cc3nsnc13)N(C)CCN2C,6,19,1.28,276.1408676
558,CCCOc1c2c(cc3nsnc13)N(C)CCN2C,6,19,1.36,278.1201322
559,CNc1cc(CCOC)cc2nsnc12,5,15,1.49,223.077933
560,CCCc1c(C)cc(C)c2nsnc12,6,14,1.57,206.0877694
561,CC1CCc2c(c3c(c4nsnc24)NCC3)O1,4,17,1.39,247.077933
562,CCCCNc1c2c(cc3nsnc13)N(C)CCN2C,6,20,1.23,291.1517667
563,CCCC1Oc2ccc3nsnc3c2OC1C,3,17,1.61,250.0775987
564,CCOc1c2c(c(NC)c3nsnc13)N(C)CN2C,8,19,1.27,279.1153812
565,CC(C)Cc1cc2c(c3nsnc13)CCCO2,4,17,1.49,248.0983341
566,CNc1c2c(c(CCOC)c3nsnc13)OCCO2,6,19,1.42,281.0834123
567,CCCCNc1c2c(c(NCC)c3nsnc13)C1CCC2CC1,4,23,1.46,330.1878178
568,CC1COc2c(cc3nsnc3c2N(C)C)O1,6,17,1.46,251.0728477
569,CCc1cc2c(c3nsnc13)OCC(CC)O2,4,17,1.56,250.0775987
570,CCCCc1ccc(C(C)C)c2nsnc12,4,16,1.51,234.1190696
571,CCCOc1c2c(cc3nsnc13)OC(C)C2,4,17,1.51,250.0775987
572,CCCN1CCN(C)c2c1c(C)c1nsnc1c2CC,8,20,1.26,290.1565177
574,CCOc1cc2nsnc2c2c1CCC2,4,15,1.45,220.067034
575,CCc1c(OC)cc(N(C)C)c2nsnc12,7,16,1.33,237.0935831
576,CCc1cc2c(c3nsnc13)NCCO2,3,15,1.46,221.062283
577,CCC1COc2c1cc1nsnc1c2C,4,15,1.52,220.067034
578,CCOc1c2c(c(NC)c3nsnc13)OCC(C)O2,6,19,1.45,281.0834123
579,CCC(C)N1CCN(C(C)C)c2cc3nsnc3c(C)c21,6,21,1.33,304.1721678
580,c1cc2nsnc2c2c1OCCN2,1,13,1.52,193.0309828
581,CCCCN1CN(C)c2c1cc1nsnc1c2CCC,6,20,1.11,290.1565177
582,CCc1c2c(c(C)c3nsnc13)CC(C)C2,6,16,1.41,232.1034195
583,CCOCCN1CCN(C)c2cc3nsnc3c(OC)c21,7,21,1.35,308.1306969
584,Cc1c2c(cc3nsnc13)N(C)CCC2,5,15,1.32,219.0830184
585,CCC1Cc2c(C)cc3nsnc3c2[NH+]=C1[O-],4,17,1.67,247.077933
586,COc1cc2c(c3nsnc13)NCC(C)C2,4,16,1.46,235.077933
587,CC(C)COCCC1COc2cc3nsnc3cc2O1,3,20,1.65,294.1038134
588,Cc1cc2nsnc2c2c1OC(C(C)C)CO2,4,17,1.49,250.0775987
589,CCCc1ccc(/[NH+]=C(\C)[O-])c2nsnc12,4,16,1.72,235.077933
590,CCOc1c2c(cc3nsnc13)OCC(CC)O2,4,18,1.5,266.0725133
591,CC/C([O-])=[N+](/C)c1cccc2nsnc12,3,15,1.87,221.062283
592,CCc1c(N(C)C)ccc2nsnc12,5,14,1.46,207.0830184
593,Cc1cc2nsnc2c(OC(C)C)c1C,6,15,1.54,222.0826841
594,CCC1COc2cc3nsnc3c(NC(C)C)c2O1,4,19,1.27,279.1041478
595,Cc1cc(C(C)C)c2nsnc2c1C,6,14,1.5,206.0877694
597,Cc1c2c(c3nsnc3c1C)OCCC2,6,15,1.43,220.067034
598,COCCNc1c2c(cc3nsnc13)OC(C)CO2,5,19,1.45,281.0834123
599,CCC(C)N1CCN(C)c2cc3nsnc3cc21,4,18,1.23,262.1252176
600,COCCc1c2c(c(C)c3nsnc13)C1CCC2CC1,5,20,1.4,288.1296343
601,CCNc1ccc(CCOC)c2nsnc12,5,16,1.38,237.0935831
602,C/C([O-])=[NH+]\c1c2c(cc3nsnc13)N(C)CCN2C(C)C,6,21,1.41,305.1310312
603,CCCCc1ccc2nsnc2c1C,4,14,1.53,206.0877694
604,COc1c2c(cc3nsnc13)OCC(C)O2,4,16,1.5,238.0412132
605,CCc1ccc(NC(C)CC)c2nsnc12,4,16,1.46,235.1143185
606,CC/[N+](=C(/C)[O-])c1c2c(c(OC)c3nsnc13)C1CCC2CC1,5,23,1.66,331.1354479
607,CCCOc1c2c(c(C)c3nsnc13)OCC(C)O2,6,19,1.49,280.0881634
608,CCCCN(CC)c1c2c(cc3nsnc13)C1CCC2C1,3,21,1.4,301.1612687
609,COc1c2c(cc3nsnc13)C1CCC2C1,2,16,1.49,232.067034
610,CCOCCNc1c2c(c(C)c3nsnc13)C1CCC2C1,5,21,1.29,303.1405333
611,CCCCNc1cc2c(c3nsnc13)CCC2,4,17,1.43,247.1143185
612,C/C([O-])=[N+]1/CCC(C)c2ccc3nsnc3c21,3,17,1.76,247.077933
613,CCCc1c(C(C)C)ccc2nsnc12,4,15,1.61,220.1034195
614,CCN1CCN(CCOC)c2cc3nsnc3cc21,5,19,1.19,278.1201322
615,CCCc1c2c(cc3nsnc13)N(C)CN2C,6,17,1.13,248.1095675
616,CCOc1cc(OC)c2nsnc2c1CC,6,16,1.48,238.0775987
617,CCOc1c2c(cc3nsnc13)OC(C)CO2,4,17,1.56,252.0568632
618,C/C([O-])=[NH+]\c1cc2c(c3nsnc13)CC(C)O2,4,17,1.71,249.0571976
619,CNc1c2c(c(NCCOC)c3nsnc13)C1CCC2CC1,5,22,1.38,318.1514323
620,CCN(C)CCOc1c2c(cc3nsnc13)C1CCC2CC1,4,22,1.6,317.1561834
621,CN(C)c1c2c(cc3nsnc13)N(C)CC2,6,16,1.3,234.0939174
622,CCCc1c2c(c(NCCOC)c3nsnc13)C1CCC2CC1,5,23,1.41,331.1718334
623,COc1ccc(N(C)C)c2nsnc12,5,14,1.43,209.062283
624,CC/C([O-])=[NH+]\c1cc(OC)cc2nsnc12,4,16,1.7,237.0571976
625,CCN(c1c2c(c(C)c3nsnc13)C1CCC2CC1)C(C)C,5,22,1.34,315.1769188
626,Cc1cc2c(c3nsnc13)CC(C)C2,4,14,1.56,204.0721194
627,CCCc1c2c(cc3nsnc13)C1CCC2C1,2,17,1.42,244.1034195
628,CCOc1ccc2nsnc2c1/[NH+]=C(\C)[O-],4,16,1.71,237.0571976
629,CC(C)C/C([O-])=[NH+]\c1c2c(cc3nsnc13)C1CCC2CC1,2,22,1.65,315.1405333
630,COc1c(C)c(CC(C)C)cc2nsnc12,6,16,1.58,236.0983341
631,CNc1ccc(/[N+](C)=C(\C)[O-])c2nsnc12,5,16,1.64,236.073182
632,Cc1c2c(c3nsnc3c1C)C(C)C(C)O2,6,16,1.5,234.0826841
633,CCN(C)c1cccc2nsnc12,3,13,1.66,193.0673684
634,CCOc1c(C)cc(OC)c2nsnc12,6,15,1.4,224.0619486
635,CC(C)COc1cc2nsnc2c2c1OCC2,4,17,1.37,250.0775987
636,CC1Cc2c3c(c4nsnc4c2C1)CCC3,4,16,1.48,230.0877694
637,CCNc1cc2c(c3nsnc13)CCC2C,4,16,1.43,233.0986685
638,COc1c(C)c(N(C)C)cc2nsnc12,7,15,1.53,223.077933
639,CCOc1c(C)c(OC)c(C)c2nsnc12,8,16,1.56,238.0775987
640,CCc1c(OC)c(OC)c2nsnc2c1C,8,16,1.57,238.0775987
641,CCCOc1c(CC)ccc2nsnc12,4,15,1.63,222.0826841
642,CCc1c2c(c3nsnc3c1C)CC(C)C2,6,16,1.49,232.1034195
643,Cc1cc2c(c3nsnc13)CCO2,4,13,1.54,192.0357339
644,CCCc1cc2nsnc2c2c1CCCO2,4,16,1.47,234.0826841
645,CCNc1c2c(c(NC)c3nsnc13)N(C)CCN2C,8,20,1.33,292.1470156
646,CCN(C)c1cc2c(c3nsnc13)NCC2,5,16,1.45,234.0939174
647,Cc1ccc2nsnc2c1N(C)CC(C)C,5,16,1.58,235.1143185
648,COc1c2c(cc3nsnc13)N(C)CC2C,5,16,1.36,235.077933
649,CCCCN1CCCc2cc3nsnc3cc21,3,17,1.51,247.1143185
650,CCC1COc2c(cc(C)c3nsnc23)O1,4,16,1.47,236.0619486
651,CNc1c2c(c(OC)c3nsnc13)CCO2,6,16,1.45,237.0571976
652,CCc1c2c(cc3nsnc13)OCCN2CC,4,17,1.41,249.0935831
653,CCOc1c(CC)c(C)cc2nsnc12,6,15,1.57,222.0826841
654,CC(C)CN(C)c1ccc2nsnc2c1,3,15,1.4,221.0986685
655,CCCCN(C)c1c2c(c(OC)c3nsnc13)C1CCC2CC1,5,23,1.51,331.1718334
656,CCc1c(OC)c(OC)c(C)c2nsnc12,8,16,1.52,238.0775987
657,CCCOc1c(OC)cc(C)c2nsnc12,6,16,1.58,238.0775987
658,CCc1c2c(c(NC(C)C)c3nsnc13)C1CCC2CC1,4,21,1.24,301.1612687
659,CC(C)C1Oc2ccc3nsnc3c2OC1C,3,17,1.48,250.0775987
660,CCC1COc2c(C)cc3nsnc3c21,4,15,1.48,220.067034
661,Cc1cc2nsnc2c2c1CCO2,4,13,1.57,192.0357339
663,CCC(C)N1CCOc2cc3nsnc3cc21,2,17,1.36,249.0935831
664,CCc1cc(NC)c2nsnc2c1C,6,14,1.42,207.0830184
665,CCC(C)N1CN(CC)c2c1cc1nsnc1c2OC,6,20,1.1,292.1357823
666,Cc1cc2nsnc2c2c1CC(C)CO2,4,15,1.44,220.067034
667,CCC(C)N(C)c1cccc2nsnc12,3,15,1.57,221.0986685
668,CCOc1ccc2nsnc2c1CCOC,5,16,1.58,238.0775987
669,CCCOc1c2c(cc3nsnc13)CCCO2,4,17,1.58,250.0775987
670,CCc1cc(OC(C)CC)cc2nsnc12,4,16,1.46,236.0983341
671,CCC(C)N(C)c1c2c(cc3nsnc13)N(C)CCN2C,7,21,1.33,305.1674167
672,CCOc1cc(N(C)CC)c2nsnc2c1,5,16,1.32,237.0935831
673,CC/C([O-])=[N+](\c1cccc2nsnc12)C(C)C,3,17,1.83,249.0935831
674,CCCc1c2c(cc3nsnc13)OC(C)CO2,4,17,1.48,250.0775987
675,CCCNc1cc2c(c3nsnc13)OC(C)C2,4,17,1.51,249.0935831
676,CNc1c(C(C)C)cc(OC)c2nsnc12,6,16,1.58,237.0935831
677,CCCOc1ccc(CC)c2nsnc12,4,15,1.54,222.0826841
678,CCC1Cc2c(cc3nsnc3c2OC)O1,4,16,1.51,236.0619486
679,CCCOc1cc2nsnc2c(OC)c1C,6,16,1.56,238.0775987
680,COCCc1cc2nsnc2c2c1CCC2,5,16,1.57,234.0826841
681,CCCc1c2c(c(CC)c3nsnc13)C1CCC2CC1,4,20,1.33,286.1503697
683,CCCN(C)c1c2c(cc3nsnc13)C1CCC2C1,3,19,1.46,273.1299686
684,CC/C([O-])=[NH+]\c1c2c(cc3nsnc13)N(CC)CCN2C,6,21,1.49,305.1310312
685,CCN(C)c1c2c(c(OC)c3nsnc13)C1CCC2CC1,5,21,1.45,303.1405333
686,CCCCc1c2c(cc3nsnc13)N(C(C)C)CCN2C,6,21,1.2,304.1721678
687,CCC/[N+](=C(/C)[O-])c1c2c(cc3nsnc13)C1CCC2CC1,3,22,1.79,315.1405333
688,CCCCOc1c(CC)ccc2nsnc12,4,16,1.63,236.0983341
689,CCN(C)c1cc(C)c2nsnc2c1,5,14,1.38,207.0830184
690,CCCNc1ccc(OC)c2nsnc12,4,15,1.39,223.077933
691,CC(C)c1cc2c(c3nsnc13)N(C)CCO2,4,17,1.4,249.0935831
692,CNc1cc(C(C)C)c(NC)c2nsnc12,6,16,1.43,236.1095675
693,CCCCc1c2c(c(OCCC)c3nsnc13)C1CCC2C1,4,22,1.42,316.1609344
694,COCCc1ccc2nsnc2c1OC,5,15,1.7,224.0619486
695,CCCNc1cccc2nsnc12,2,13,1.52,193.0673684
696,CCN(C)c1c(OC)cc(C)c2nsnc12,7,16,1.55,237.0935831
697,CN1CCN(C)c2cc3nsnc3cc2C1,5,16,1.5,234.0939174
698,CC(C)c1c2c(cc3nsnc13)OCCO2,3,16,1.46,236.0619486
699,COc1cc2nsnc2cc1OC,4,13,1.41,196.0306485
700,CCCCNc1cc(OCC)cc2nsnc12,4,17,1.42,251.1092332
702,CCC(C)OCCc1cccc2nsnc12,3,16,1.65,236.0983341
703,CC1CCc2ccc3nsnc3c2[NH+]=C1[O-],2,16,1.7,233.062283
704,CCCC1COc2cc3nsnc3c(CC(C)C)c2O1,4,20,1.35,292.1245489
705,CCCCc1c(OC)cc2nsnc2c1C,6,16,1.47,236.0983341
706,CCCCOc1ccc(OC)c2nsnc12,4,16,1.67,238.0775987
707,CCc1cc2nsnc2c2c1CC(C)C2,4,15,1.5,218.0877694
708,CN1CCOCc2ccc3nsnc3c21,4,15,1.59,221.062283
709,CCCN1CN(C)c2c1c(OC)c1nsnc1c2C,8,19,1.18,278.1201322
710,CCC1Cc2cc3nsnc3c(OC)c2O1,4,16,1.53,236.0619486
711,CNc1cc2c(c3nsnc13)CC(C)N2C,5,16,1.38,234.0939174
712,CCCc1c2c(cc3nsnc13)OCC(C)O2,4,17,1.41,250.0775987
713,CC(C)Nc1cc(C(C)C)cc2nsnc12,4,16,1.31,235.1143185
714,CCc1cc2c(c3nsnc13)NC(C)C2,4,15,1.49,219.0830184
715,Cc1cc2nsnc2c2c1OCC2(C)C,4,15,1.5,220.067034
716,CCOc1cc(OC(C)C)c2nsnc2c1,4,16,1.56,238.0775987
717,CCOCCc1c2c(c(OC)c3nsnc13)C1CCC2CC1,5,22,1.55,318.1401989
718,CCCCN1CCc2cc3nsnc3cc21,3,16,1.3,233.0986685
719,CCCN1CN(C)c2cc3nsnc3c(NCC)c21,6,19,1.18,277.1361166
720,CCc1c2c(c(C)c3nsnc13)OC(C)CO2,6,17,1.34,250.0775987
721,CN1CCNc2c1c1c(c3nsnc23)CCO1,4,17,1.35,248.073182
722,CCc1cc(OC(C)C)cc2nsnc12,4,15,1.49,222.0826841
723,CNc1c2c(c(N(C)CC(C)C)c3nsnc13)C1CCC2C1,5,22,1.34,316.1721678
724,CCOc1c(CC)ccc2nsnc12,4,14,1.63,208.067034
725,CCNc1c2c(cc3nsnc13)CCC2,4,15,1.43,219.0830184
726,Cc1c2c(cc3nsnc13)CCCC2,4,14,1.52,204.0721194
727,COc1c2c(c(C)c3nsnc13)OC(C)CO2,6,17,1.49,252.0568632
728,CC(C)Cc1cc(C(C)C)cc2nsnc12,4,16,1.54,234.1190696
729,c1cc2nsnc2c2c1CCC2,2,12,1.6,176.0408193
730,CC(C)CN1CCN(C)c2c1cc1nsnc1c2N(C)C,7,21,1.25,305.1674167
731,CCOc1c2c(c(NC(C)CC)c3nsnc13)C1CCC2CC1,4,23,1.4,331.1718334
732,Cc1c2c(cc3nsnc13)C(C)(C)CN2C,5,16,1.3,233.0986685
733,CC1COc2c(ccc3nsnc23)C1,2,14,1.51,206.0513839
734,COc1cc(CC(C)C)cc2nsnc12,4,15,1.54,222.0826841
735,CNc1c2c(cc3nsnc13)OC(C)C2C,4,16,1.45,235.077933
736,CN1CCc2c1c1c(c3nsnc23)CCC1,5,16,1.43,231.0830184
737,CC1Cc2c(c3c(c4nsnc24)CCCC3)O1,4,17,1.44,246.0826841
738,CCOc1cc(C)c2nsnc2c1OCC,6,16,1.64,238.0775987
739,CC(C)Cc1cc(OC(C)C)c2nsnc2c1,4,17,1.46,250.1139842
740,CCc1c2c(c(C)c3nsnc13)OC(CC)CO2,6,18,1.41,264.0932488
741,CCC/C([O-])=[N+](/C)c1c2c(cc3nsnc13)C1CCC2CC1,3,22,1.66,315.1405333
742,CCN(CC)c1cc(OC)cc2nsnc12,5,16,1.39,237.0935831
743,CC(C)COCCNc1c2c(cc3nsnc13)C1CCC2CC1,3,23,1.41,331.1718334
744,COCCc1c(OC)ccc2nsnc12,5,15,1.59,224.0619486
745,Cc1c2c(cc3nsnc13)N(C(C)C)CCN2C,6,18,1.08,262.1252176
746,CCc1cc(N(C)CC)c(C)c2nsnc12,7,16,1.44,235.1143185
747,CN1CCOc2c(ccc3nsnc23)CC1,4,16,1.71,235.077933
748,CCc1c2c(c(N(C)C)c3nsnc13)C1CCC2CC1,5,20,1.41,287.1456187
749,C/C([O-])=[NH+]\c1cc2c(c3nsnc13)CCCO2,4,17,1.66,249.0571976
750,COc1cc2c(c3nsnc13)[NH+]=C([O-])CC2,4,16,1.69,235.0415475
751,CCCCN1CN(C)c2c1cc1nsnc1c2C,6,18,1.19,262.1252176
752,CCCC1Oc2c(ccc3nsnc23)OC1C,3,17,1.31,250.0775987
753,COc1cc2c(c3nsnc13)CCOCC2,5,16,1.4,236.0619486
754,COc1c2c(c(C)c3nsnc13)CCCO2,6,16,1.51,236.0619486
755,CC(C)Cc1c2c(c(CC(C)C)c3nsnc13)C1CCC2CC1,4,23,1.24,328.1973199
756,CN1CCc2c3c(c4nsnc4c21)OCCO3,4,17,1.44,249.0571976
757,CCCCNc1c2c(c(N(C)C)c3nsnc13)C1CCC2C1,5,22,1.33,316.1721678
758,CC(C)Nc1c2c(cc3nsnc13)CCO2,4,16,1.42,235.077933
759,COc1c(OC)c(OC)c2nsnc2c1C,8,16,1.61,240.0568632
760,CCCCN1c2cc3nsnc3cc2N(C)C1OC,6,19,1.1,278.1201322
761,CC1Cc2cc(N(C)C)c3nsnc3c2O1,5,16,1.45,235.077933
762,CCC1COc2cc3nsnc3c(C)c21,4,15,1.52,220.067034
763,CCCNc1c2c(c(OCCC)c3nsnc13)C1CCC2C1,4,22,1.38,317.1561834
764,CCc1c(CC(C)C)c(C)cc2nsnc12,6,16,1.57,234.1190696
765,CCNc1c(C)cc(NC)c2nsnc12,6,15,1.49,222.0939174
766,CCCc1c2c(cc3nsnc13)C(CC)CO2,4,17,1.42,248.0983341
767,CCCOc1c2c(cc3nsnc13)CCC2C,4,17,1.57,248.0983341
768,CCc1c(C)cc(OC)c2nsnc12,6,14,1.5,208.067034
769,CC(C)Cc1cc2c(c3nsnc13)OC(C)C2,4,17,1.53,248.0983341
770,CCCCOc1cc(CC)c2nsnc2c1,4,16,1.52,236.0983341
771,CC1COc2c(c3c(c4nsnc24)CCC3)C1,4,17,1.46,246.0826841
772,COCCNc1c2c(c(C)c3nsnc13)C1CCC2C1,5,20,1.43,289.1248832
773,COc1cc2nsnc2c2c1COCC2,5,15,1.5,222.0462986
774,Cc1c2c(cc3nsnc13)OC(C)CO2,4,15,1.48,222.0462986
775,COc1cc2nsnc2cc1OC(C)C,4,15,1.6,224.0619486
776,C/C([O-])=[NH+]\c1cc2c(c3nsnc13)C(C)CC2,4,17,1.7,247.077933
777,COc1c2c(cc3nsnc13)OCCOC2,5,16,1.57,238.0412132
778,CC/[N+](=C(/C)[O-])c1c2c(cc3nsnc13)C1CCC2C1,3,20,1.61,287.1092332
779,CCN1c2cc3nsnc3cc2CCC1C,3,16,1.39,233.0986685
780,CCN(c1ccc2nsnc2c1C)C(C)C,5,16,1.51,235.1143185
781,CCCCc1c(OC(C)C)ccc2nsnc12,4,17,1.56,250.1139842
782,CCCCc1cc(OC)c(C)c2nsnc12,6,16,1.48,236.0983341
784,CCc1c(N(C)C)c(C)cc2nsnc12,7,15,1.53,221.0986685
785,CCc1c2c(c(NC(C)C)c3nsnc13)OCCO2,4,19,1.55,279.1041478
786,CNc1c(OC)cc(C)c2nsnc12,6,14,1.48,209.062283
788,CCC(C)/[N+](=C(/C)[O-])c1cccc2nsnc12,3,17,1.83,249.0935831
789,CCC(C)Oc1ccc2nsnc2c1C,4,15,1.65,222.0826841
790,CCC1COc2c(c(OC)c3nsnc3c2OC)O1,6,19,1.61,282.0674279
791,CCc1ccc(C(C)CC)c2nsnc12,4,15,1.59,220.1034195
792,C/C([O-])=[N+](\c1c2c(c(C)c3nsnc13)C1CCC2CC1)C(C)C,5,23,1.56,329.1561834
793,CCc1cc2nsnc2c2c1OCC(CC)O2,4,17,1.47,250.0775987
794,CCNc1cc2c(c3nsnc13)CCCC2,4,16,1.59,233.0986685
795,CCCN(C)c1c2c(c(C(C)C)c3nsnc13)C1CCC2CC1,5,23,1.33,329.1925689
796,CC1Cc2c3c(c4nsnc4c2C1)OCCO3,3,17,1.45,248.0619486
797,CNc1c2c(cc3nsnc13)OCCO2,2,15,1.44,223.0415475
798,CC/C([O-])=[NH+]\c1c2c(cc3nsnc13)CCO2,4,17,1.6,249.0571976
799,Cc1c2c(cc3nsnc13)N(C)CN2CCN(C)C,8,19,1.21,277.1361166
800,COc1cc2nsnc2c2c1C(C)C(C)O2,4,16,1.49,236.0619486
801,CN(C)CCN1CCN(C)c2cc3nsnc3cc21,6,19,1.17,277.1361166
802,CCc1c2c(cc3nsnc13)CCCO2,4,15,1.5,220.067034
803,CN1CCc2c3c(c4nsnc4c21)CCC3,5,16,1.43,231.0830184
804,CCCc1c2c(cc3nsnc13)N(C)CCN2CC,6,19,1.28,276.1408676
805,Cc1c2c(cc3nsnc13)N(C)CN2C,6,15,1.15,220.0782674
806,CCCN1CCN(C)c2c1cc1nsnc1c2OC,6,19,1.21,278.1201322
807,CCCN(C)c1c2c(c(C)c3nsnc13)OCCO2,6,19,1.31,279.1041478
808,CCOc1c(CC)cc(OC)c2nsnc12,6,16,1.69,238.0775987
809,CCN1CN(C)c2c1cc1nsnc1c2OC(C)C,6,19,1.17,278.1201322
810,CCN1CCN(CCOC)c2c1cc1nsnc1c2OC,7,21,1.28,308.1306969
811,CCNc1c2c(c(OC)c3nsnc13)N(C)CN2C,8,19,1.17,279.1153812
812,CCc1cc(/[NH+]=C(\C)[O-])c2nsnc2c1,4,15,1.74,221.062283
813,CCC(C)N(C)CCc1c2c(cc3nsnc13)C1CCC2C1,4,22,1.2,315.1769188
814,CC/C([O-])=[NH+]\c1cc(C(C)C)cc2nsnc12,4,17,1.73,249.0935831
815,CC/C([O-])=[NH+]\c1c2c(cc3nsnc13)CCC2,4,17,1.68,247.077933
816,CCCc1ccc2nsnc2c1OCC,4,15,1.63,222.0826841
817,CCN(CC)c1cc(OC)c2nsnc2c1,5,16,1.29,237.0935831
818,CCCc1cc(C)c2nsnc2c1C,6,14,1.47,206.0877694
819,CCOc1ccc(CC(C)C)c2nsnc12,4,16,1.68,236.0983341
820,CCOc1cc2nsnc2c2c1OCC(C)O2,4,17,1.34,252.0568632
821,CCN(CCOC)c1c2c(cc3nsnc13)C1CCC2CC1,4,22,1.48,317.1561834
822,CCOc1c2c(c(/[NH+]=C(/[O-])CC)c3nsnc13)C1CCC2CC1,4,23,1.66,331.1354479
823,COc1c(C)cc2nsnc2c1C(C)C,6,15,1.46,222.0826841
824,C1CCc2c(c3c(c4nsnc24)CCC3)OC1,4,17,1.54,246.0826841
825,CC(C)CN(C)CCc1c2c(cc3nsnc13)C1CCC2C1,4,22,1.46,315.1769188
826,CCc1cc2nsnc2c(OC)c1OC,6,15,1.63,224.0619486
827,COc1cc(C)c2nsnc2c1OC(C)C,6,16,1.6,238.0775987
828,CCN1CCCc2cc3nsnc3cc21,3,15,1.35,219.0830184
829,CCOCCc1c2c(c(NC)c3nsnc13)C1CCC2C1,5,21,1.37,303.1405333
830,CCCN1CCN(C)c2cc3nsnc3c(OC(C)C)c21,6,21,1.31,306.1514323
831,Cc1c2c(c(OCCN(C)C)c3nsnc13)C1CCC2C1,6,21,1.46,303.1405333
832,CCNc1c2c(c(N(C)C)c3nsnc13)C1CCC2CC1,5,21,1.32,302.1565177
833,CCc1c2c(c(C)c3nsnc13)N(C)CN2C(C)C,8,19,1.1,276.1408676
834,CCC(C)C1COc2c(cc3nsnc3c2OC)O1,4,19,1.44,280.0881634
835,Cc1c2c(c(OC(C)C)c3nsnc13)OCCO2,4,18,1.47,266.0725133
836,COc1cc2nsnc2c2c1N(C)CCC2,5,16,1.45,235.077933
837,COc1c(N(C)C)ccc2nsnc12,5,14,1.67,209.062283
838,CCN(C)c1cc2nsnc2cc1C,5,14,1.52,207.0830184
839,C/C([O-])=[NH+]\c1c2c(cc3nsnc13)CC(C)O2,4,17,1.65,249.0571976
840,CCC1COc2c(c(OC)c3nsnc3c2C)O1,6,18,1.49,266.0725133
841,COc1cc2nsnc2c2c1CCO2,4,14,1.51,208.0306485
842,CCc1cc2nsnc2c(NC)c1N(C)C,7,16,1.48,236.1095675
843,COCCc1c2c(c(C)c3nsnc13)C1CCC2C1,5,19,1.35,274.1139842
844,CCc1c2c(cc3nsnc13)N(C)CN2CC,6,17,1.04,248.1095675
845,CC1Cc2ccc3nsnc3c2N(C)C1,3,15,1.48,219.0830184
846,CCN1CC(C)c2c1ccc1nsnc21,3,15,1.46,219.0830184
847,CNc1cc(CC(C)C)cc2nsnc12,4,15,1.44,221.0986685
848,CNc1c2c(c(N(C)CC(C)C)c3nsnc13)C1CCC2CC1,5,23,1.36,330.1878178
849,CCCCc1c(C)c(OC)cc2nsnc12,6,16,1.41,236.0983341
850,CC(C)Oc1c2c(cc3nsnc13)C1CCC2C1,2,18,1.48,260.0983341
852,CCOc1c(C)c2c(c3nsnc13)CCO2,6,16,1.52,236.0619486
853,CCCc1c(C)c(NC)c2nsnc2c1C,8,16,1.41,235.1143185
854,CCN1CCN(C)c2c1c(C)c1nsnc1c2C,8,18,1.3,262.1252176
855,CNc1c2c(cc3nsnc13)CCCO2,4,15,1.47,221.062283
856,CC(C)C1C([O-])=[N+](C)c2c1ccc1nsnc21,3,17,1.79,247.077933
857,COCCOc1c2c(cc3nsnc13)C1CCC2CC1,3,20,1.45,290.1088988
858,CCc1c2c(c(/[NH+]=C(\C)[O-])c3nsnc13)C1CCC2C1,4,20,1.56,287.1092332
859,CC/C([O-])=[NH+]\c1c2c(c(C)c3nsnc13)N(C)CCN2C,8,21,1.47,305.1310312
860,CCc1cc2nsnc2c(C)c1N(C)C,7,15,1.54,221.0986685
861,CCc1cc2nsnc2c2c1C(C)C(C)O2,4,16,1.58,234.0826841
862,CCOc1ccc2nsnc2c1C,4,13,1.55,194.0513839
863,CN(C)c1cc2c(c3nsnc13)N(C)CC2,6,16,1.5,234.0939174
864,CC(C)COc1c2c(cc3nsnc13)CCO2,4,17,1.53,250.0775987
865,CCOC1COc2cc3nsnc3c(C)c21,5,16,1.5,236.0619486
866,CCc1c2c(cc3nsnc13)OCC2C,4,15,1.46,220.067034
867,CCC(C)Oc1cc2c(c3nsnc13)CCC2,4,17,1.45,248.0983341
868,CC(C)N1CCN(C)c2ccc3nsnc3c21,3,17,1.32,248.1095675
869,Cc1cc2c(c3nsnc13)NCC2,4,13,1.5,191.0517183
870,CCN(c1cc(C)c2nsnc2c1)C(C)C,5,16,1.28,235.1143185
871,CC(C)COc1c2c(c(C(C)C)c3nsnc13)C1CCC2CC1,4,23,1.43,330.1765845
872,CNc1cc2c(c3nsnc13)OC(C)C2C,4,16,1.58,235.077933
873,CCCc1ccc2nsnc2c1N(C)CC,5,16,1.57,235.1143185
874,CCCCOc1c2c(c(OCC)c3nsnc13)C1CCC2C1,4,22,1.5,318.1401989
875,CCCCOCCc1cccc2nsnc12,3,16,1.65,236.0983341
876,CCN(C)c1c(N(C)C)ccc2nsnc12,6,16,1.45,236.1095675
877,CCN(C)c1c2c(cc3nsnc13)OCC(C)O2,5,18,1.44,265.0884977
878,CCOc1c2c(c(C)c3nsnc13)N(CC)CCN2C,8,20,1.29,292.1357823
879,Cc1ccc2nsnc2c1C(C)C,4,13,1.55,192.0721194
880,CCCOc1c(C)cc2nsnc2c1OC,6,16,1.63,238.0775987
881,CCOc1c(C)cc2nsnc2c1OC,6,15,1.62,224.0619486
882,CCOc1cc2nsnc2c2c1OCC2,4,15,1.43,222.0462986
883,Cc1cc2nsnc2cc1C(C)C,4,13,1.58,192.0721194
884,Cc1cc2nsnc2c2c1CCCCO2,4,15,1.44,220.067034
885,CC1CCc2cc(N(C)C)c3nsnc3c21,5,16,1.35,233.0986685
886,CCc1c(OC)c(C)cc2nsnc12,6,14,1.55,208.067034
887,CCC(C)OCCc1c2c(cc3nsnc13)OCCO2,4,20,1.53,294.1038134
888,CCC(C)Oc1c2c(cc3nsnc13)OCC2,4,17,1.52,250.0775987
889,CCc1cc(C)c2nsnc2c1/[NH+]=C(\C)[O-],6,16,1.66,235.077933
890,CCCCN1CN(C(C)C)c2cc3nsnc3c(C)c21,6,20,1.06,290.1565177
891,CCCNc1ccc(OCCC)c2nsnc12,4,17,1.49,251.1092332
892,CCCCOc1c2c(cc3nsnc13)N(CC)CN2C,6,20,1.04,292.1357823
893,CCNc1cc(OC)c(NC)c2nsnc12,6,16,1.39,238.0888321
894,CCCN1CCN(CCC)c2c1cc1nsnc1c2OC,6,21,1.13,306.1514323
895,COCC/C([O-])=[NH+]\c1c2c(c(C)c3nsnc13)C1CCC2C1,5,22,1.63,317.1197978
896,CCc1ccc(OC)c2nsnc12,4,13,1.55,194.0513839
897,CC(C)CNc1c(C(C)C)ccc2nsnc12,4,17,1.7,249.1299686
898,Cc1cc2c(c3nsnc13)[NH+]=C([O-])CC2(C)C,4,17,1.71,247.077933
899,CCc1cc2nsnc2c2c1CC(C)N2,4,15,1.5,219.0830184
900,CCC(C)/C([O-])=[NH+]\c1c2c(cc3nsnc13)OCCO2,3,20,1.66,293.0834123
901,CCC(C)Oc1cc2nsnc2cc1OC,4,16,1.42,238.0775987
902,CCc1c(C)cc2nsnc2c1C,6,13,1.5,192.0721194
903,CC1CNc2c1c1c(c3nsnc23)CCC1,4,16,1.48,231.0830184
904,Cc1cc2nsnc2c(C)c1N(C)C,7,14,1.51,207.0830184
905,COc1cc2nsnc2c2c1OCC2OC,5,16,1.5,238.0412132
906,CCCN(C)c1c2c(c(C(C)C)c3nsnc13)C1CCC2C1,5,22,1.32,315.1769188
907,COc1c2c(c(OC)c3nsnc13)CCC2,6,16,1.57,236.0619486
908,CC/[N+](=C(/C)[O-])c1c2c(c(NC)c3nsnc13)C1CCC2C1,5,22,1.54,316.1357823
909,Cc1cc2nsnc2c2c1OCC(C)C2,4,15,1.4,220.067034
910,CCCOc1c2c(c(C(C)CC)c3nsnc13)C1CCC2CC1,4,23,1.44,330.1765845
911,CCCN1CCOc2c1ccc1nsnc21,2,16,1.44,235.077933
912,c1c2c(cc3nsnc13)OCCCC2,2,14,1.62,206.0513839
913,CCCCc1cc(OC(C)C)c2nsnc2c1,4,17,1.6,250.1139842
914,CCC1CN(C(C)C)c2cc3nsnc3cc21,3,17,1.42,247.1143185
915,CC/[N+](=C(/C)[O-])c1c2c(c(C)c3nsnc13)C1CCC2CC1,5,22,1.59,315.1405333
916,CCCc1c2c(cc3nsnc13)CC(CC)O2,4,17,1.39,248.0983341
917,CCCCc1c2c(cc3nsnc13)OCC2C,4,17,1.4,248.0983341
918,CCCOCCNc1c2c(cc3nsnc13)C1CCC2C1,3,21,1.38,303.1405333
919,CCC(C)c1c2c(cc3nsnc13)N(CC)CN2CC,6,20,1.16,290.1565177
920,COCCN1CCN(C(C)C)c2cc3nsnc3c(C)c21,7,21,1.23,306.1514323
921,CCc1c2c(c(OC)c3nsnc13)OCC2,6,16,1.47,236.0619486
922,Cc1ccc(CCN(C)C)c2nsnc12,6,15,1.59,221.0986685
923,CCOCC/C([O-])=[NH+]\c1cccc2nsnc12,3,17,1.82,251.0728477
924,Cc1cc2nsnc2c2c1C(C)CC([O-])=[NH+]2,4,16,1.69,233.062283
925,CCC(C)Oc1cc(C(C)C)cc2nsnc12,4,17,1.63,250.1139842
926,CCc1c2c(cc3nsnc13)C(C)(C)CO2,4,16,1.46,234.0826841
927,C/C([O-])=[N+](/C)c1c2c(cc3nsnc13)C1CCC2CC1,3,20,1.66,287.1092332
928,CCC(C)c1c2c(c(C(C)C)c3nsnc13)C1CCC2CC1,4,22,1.35,314.1816698
929,CCCCc1ccc2nsnc2c1OCCC,4,17,1.66,250.1139842
930,CN(C)CCc1c2c(cc3nsnc13)N(C)CN2C,8,19,1.18,277.1361166
931,CCCOc1c2c(c(N(C)C)c3nsnc13)C1CCC2CC1,5,22,1.48,317.1561834
932,COc1c2c(c3nsnc3c1C)C(C)CO2,6,16,1.48,236.0619486
933,Cc1c2c(cc3nsnc13)N(C)CC2C,5,15,1.29,219.0830184
934,Cc1c2c(c(NC(C)C)c3nsnc13)C1CCC2CC1,4,20,1.4,287.1456187
935,Cc1cc2nsnc2c2c1N(C)CCC2C,5,16,1.42,233.0986685
936,CC(C)Cc1cc2c(c3nsnc13)NCC2,4,16,1.49,233.0986685
937,CCCc1c2c(cc3nsnc13)N(CC)CCN2C,6,19,1.32,276.1408676
938,CCOCCc1c2c(c(CC)c3nsnc13)C1CCC2C1,5,21,1.28,302.1452843
939,CCC(C)c1c2c(cc3nsnc13)CCC2C,4,17,1.37,246.1190696
940,CCCCc1c2c(c(C)c3nsnc13)OCCO2,4,18,1.42,264.0932488
941,C1Cc2c3c(c4nsnc4c2C1)CCCO3,4,16,1.42,232.067034
942,COc1c(C)c(C)c2nsnc2c1OC,8,15,1.58,224.0619486
943,CCc1c(C(C)C)c(OC)cc2nsnc12,6,16,1.51,236.0983341
944,Cc1ccc(C(C)C)c2nsnc12,4,13,1.53,192.0721194
945,COc1c2c(c(C)c3nsnc13)OC(C)C2,6,16,1.46,236.0619486
946,COC1N(C)c2cc3nsnc3cc2N1C(C)C,6,18,1.15,264.1044821
947,CC(C)COc1cc2nsnc2c2c1CCO2,4,17,1.46,250.0775987
948,CCc1cc(C)c2nsnc2c1,4,12,1.57,178.0564693
949,COCCN(C)c1cc(C)c2nsnc2c1,6,16,1.4,237.0935831
950,CCCN1CCN(C)c2cc3nsnc3c(/[NH+]=C(\C)[O-])c21,6,21,1.39,305.1310312
951,CCC(C)N1CCN(CC)c2c1c(C)c1nsnc1c2C,8,21,1.32,304.1721678
952,CCNc1c2c(c(OC(C)C)c3nsnc13)C1CCC2C1,4,21,1.57,303.1405333
953,CC(C)COc1cc2c(c3nsnc13)CCC2,4,17,1.5,248.0983341
954,CCCc1ccc2nsnc2c1NC,4,14,1.49,207.0830184
955,CCc1c(C)c(OC)c(NC)c2nsnc12,8,16,1.45,237.0935831
956,CNc1c2c(c(/[NH+]=C(\C)[O-])c3nsnc13)OCCO2,4,19,1.55,280.0630112
957,COc1c(OCC(C)C)ccc2nsnc12,4,16,1.7,238.0775987
958,CCOc1c(C)c(CC)c(C)c2nsnc12,8,16,1.51,236.0983341
959,CC(C)c1cc2nsnc2c2c1N(C)CCN2,4,17,1.58,248.1095675
960,CCCCC1Oc2cc3nsnc3cc2OC1C,4,18,1.66,264.0932488
961,CCc1c(OC)c(NC)c2nsnc2c1C,8,16,1.47,237.0935831
962,CNc1c(N(C)C)cc(C)c2nsnc12,7,15,1.28,222.0939174
963,CC(C)COCCOc1ccc2nsnc2c1,3,17,1.67,252.0932488
964,COC1CN(C)c2cc3nsnc3c(C)c21,6,16,1.38,235.077933
965,CCc1cc(C(C)C)c(C)c2nsnc12,6,15,1.48,220.1034195
966,C/C([O-])=[NH+]\c1c2c(cc3nsnc13)N(C)CCN2C,6,19,1.47,277.0997311
968,COc1c2c(c(C(C)C)c3nsnc13)OCC(C)O2,6,19,1.46,280.0881634
969,CCc1ccc2nsnc2c1OC,4,13,1.63,194.0513839
970,CCOc1c2c(cc3nsnc13)OCCO2,4,16,1.56,238.0412132
971,CCCc1c(OC)cc(OC)c2nsnc12,6,16,1.53,238.0775987
972,Cc1c2c(cc3nsnc13)N(C)CCN2CCOC(C)C,7,21,1.28,306.1514323
973,CCCNc1c2c(cc3nsnc13)CCO2,4,16,1.46,235.077933
974,CCCN(c1c2c(cc3nsnc13)C1CCC2C1)C(C)C,3,21,1.33,301.1612687
975,CCCOCCN1CN(C)c2cc3nsnc3cc21,5,19,1.16,278.1201322
976,CCN1CCN(C)c2cc3nsnc3c(NCC(C)C)c21,6,21,1.28,305.1674167
977,CNc1c2c(c(N(C)C(C)C)c3nsnc13)C1CCC2C1,5,21,1.3,302.1565177
978,CCC/C([O-])=[NH+]\c1ccc(OC)c2nsnc12,4,17,1.68,251.0728477
979,CC(C)Nc1c(N(C)C)ccc2nsnc12,5,16,1.5,236.1095675
980,CC1COc2c3c(c4nsnc4c2C1)CCC3,4,17,1.47,246.0826841
982,CC(C)COc1c2c(c(C(C)C)c3nsnc13)C1CCC2C1,4,22,1.42,316.1609344
983,CC(C)/C([O-])=[N+](/C)c1cccc2nsnc12,3,16,1.65,235.077933
984,CCN1CN(CC(C)C)c2c1cc1nsnc1c2OC,6,20,1.1,292.1357823
985,CCCN(C)c1c2c(c(N(C)C)c3nsnc13)C1CCC2CC1,6,23,1.42,330.1878178
986,CCC(C)N1CN(C)c2c1cc1nsnc1c2OC,6,19,1.06,278.1201322
987,CCNc1c2c(cc3nsnc13)CCO2,4,15,1.41,221.062283
988,Cc1cc2nsnc2c2c1OC(C)C(C)O2,5,16,1.42,236.0619486
989,C[N+]1=C([O-])CCCc2ccc3nsnc3c21,3,16,1.77,233.062283
990,CCCNc1cc(OCC)cc2nsnc12,4,16,1.37,237.0935831
991,CCOc1c2c(c3nsnc3c1C)OCC2,6,16,1.57,236.0619486
992,COCCOCCOc1c2c(cc3nsnc13)C1CCC2CC1,4,23,1.6,334.1351136
993,CCCNc1c2c(c(CC(C)C)c3nsnc13)C1CCC2C1,4,22,1.21,315.1769188
994,CCCc1cc(OC)c2nsnc2c1NC,6,16,1.49,237.0935831
995,CCOCCN(C)c1c2c(cc3nsnc13)C1CCC2C1,4,21,1.52,303.1405333
996,CCCc1cc(NC)c2nsnc2c1C,6,15,1.42,221.0986685
997,COCCc1c2c(cc3nsnc13)N(C)CN2C,7,18,1.16,264.1044821
998,COc1c2c(cc3nsnc13)C(C)CO2,4,15,1.54,222.0462986
999,Cc1c2c(c(C)c3nsnc13)CCC2,6,14,1.43,204.0721194
1001,CNc1c(C)c2c(c3nsnc13)OCC2,6,15,1.5,221.062283
1002,CN1CCOc2c(ccc3nsnc23)CC1,4,16,1.61,235.077933
1003,CCN(c1c2c(c(NC)c3nsnc13)C1CCC2C1)C(C)C,5,22,1.33,316.1721678
1004,CCc1c(OC(C)C)ccc2nsnc12,4,15,1.55,222.0826841
1005,CCNc1c2c(c(OC(C)CC)c3nsnc13)C1CCC2C1,4,22,1.38,317.1561834
1006,CCC1COc2cc3nsnc3c(OC)c2O1,5,17,1.56,252.0568632
1007,COc1c2c(c(C)c3nsnc13)C1CCC2C1,4,17,1.44,246.0826841
1008,CC(C)c1cc2c(c3nsnc13)CCC2,4,15,1.51,218.0877694
1009,CCCN(c1c2c(cc3nsnc13)C1CCC2C1)C(C)CC,3,22,1.39,315.1769188
1010,CC(C)Cc1cc(OC(C)C)cc2nsnc12,4,17,1.48,250.1139842
1011,COC1N(C)c2cc3nsnc3cc2N1C,6,16,1.16,236.073182
1012,CCC(C)N1CCN(CCOC)c2cc3nsnc3cc21,5,21,1.12,306.1514323
1013,CCCc1cc2nsnc2c2c1OCCN2,3,16,1.45,235.077933
1014,CCCCN1CCN(C)c2c1cc1nsnc1c2CC,6,20,1.26,290.1565177
1015,CCC(C)C1Oc2cc3nsnc3cc2OC1CC,4,19,1.53,278.1088988
1016,CCCCNc1c2c(c(C)c3nsnc13)N(C)CCN2C,8,21,1.32,305.1674167
1017,COc1c2c(c(CC(C)C)c3nsnc13)C1CCC2CC1,4,21,1.46,302.1452843
1018,CCCCC1COc2cc3nsnc3c(NC)c2O1,5,19,1.43,279.1041478
1019,COCCOc1ccc2nsnc2c1C,5,15,1.59,224.0619486
1020,CCNc1c2c(cc3nsnc13)C(C)CCO2,4,17,1.46,249.0935831
1021,CCc1c(C)c(C)c2nsnc2c1OC,8,15,1.51,222.0826841
1022,CCCN(C)c1ccc2nsnc2c1CC,5,16,1.5,235.1143185
1023,CCNc1cccc2nsnc12,2,12,1.52,179.0517183
1024,CC1CCc2c(c3c(c4nsnc24)OCC3)O1,4,17,1.48,248.0619486
1025,COc1c(C)c(N(C)C)cc2nsnc12,7,15,1.52,223.077933
1026,CN(C)c1cc2nsnc2c2c1OCCO2,4,16,1.41,237.0571976
1027,Cc1cc2c(c3nsnc13)OCC2C,4,14,1.59,206.0513839
1028,CC1COc2c(C(C)C)cc3nsnc3c2O1,4,17,1.51,250.0775987
1029,CCc1cc2c(c3nsnc13)N(CC)CCO2,4,17,1.45,249.0935831
1030,CC1CCOc2c3c(c4nsnc4c21)NCC3,4,17,1.38,247.077933
1031,CCCN(CC)c1cccc2nsnc12,3,15,1.66,221.0986685
1032,CCc1c2c(c(OC)c3nsnc13)C1CCC2CC1,4,19,1.47,274.1139842
1033,Cc1c2c(c(C)c3nsnc13)N(C)CCO2,6,16,1.41,235.077933
1034,CCCCOC1N(C)c2cc3nsnc3cc2N1C,6,19,1.15,278.1201322
1035,COCCc1cc2nsnc2cc1N(C)C,6,16,1.55,237.0935831
1036,CCCCOc1ccc2nsnc2c1C,4,15,1.57,222.0826841
1037,CCCNc1c2c(c(OCCC)c3nsnc13)C1CCC2CC1,4,23,1.46,331.1718334
1038,C1Cc2c3c(c4nsnc4c2C1)NCC3,4,15,1.46,217.0673684
1039,CCC(C)N(C)CCc1c2c(cc3nsnc13)C1CCC2C1,4,22,1.41,315.1769188
1040,CCCN(CC)c1c2c(c(OC)c3nsnc13)C1CCC2C1,5,22,1.35,317.1561834
1041,COc1cc(N(C)C)c2nsnc2c1,5,14,1.49,209.062283
1042,CCCNc1c2c(c(NC)c3nsnc13)C1CCC2CC1,4,21,1.36,302.1565177
1043,CC(C)N1CCN(C)c2c1cc1nsnc1c2N(C)C,7,20,1.26,291.1517667
1044,CCOc1cc2nsnc2c(OCC)c1C,6,16,1.48,238.0775987
1045,CCOc1cc(C)c2nsnc2c1CC,6,15,1.5,222.0826841
1046,CCCCOc1c2c(cc3nsnc13)N(C)CCN2CC,6,21,1.26,306.1514323
1047,CCN(CC(C)C)c1cccc2nsnc12,3,16,1.54,235.1143185
1048,CNc1cc2c(c3nsnc13)OCCN2C,4,16,1.36,236.073182
1049,CCCc1c2c(cc3nsnc13)N(C)CN2C(C)C,6,19,1.07,276.1408676
1050,CCc1cc2nsnc2c2c1OCCC2,4,15,1.46,220.067034
1051,CC(C)N(C)CCc1cccc2nsnc12,4,16,1.62,235.1143185
1052,CCC(C)Nc1c2c(c(N(C)C)c3nsnc13)C1CCC2CC1,5,23,1.34,330.1878178
1053,COc1c2c(cc3nsnc13)N(C(C)C)CN2C,6,18,1.16,264.1044821
1054,CCOc1c(C)cc2nsnc2c1OCC,6,16,1.61,238.0775987
1055,CNc1c2c(c(/[NH+]=C(/[O-])C(C)C)c3nsnc13)C1CCC2C1,4,22,1.5,316.1357823
1056,CCCNc1c(CC)ccc2nsnc12,4,15,1.49,221.0986685
1057,Cc1c(N(C)C)ccc2nsnc12,5,13,1.56,193.0673684
1058,CC1COc2c(c3c(c4nsnc24)OCC3)O1,4,17,1.54,250.0412132
1059,COc1cc2nsnc2c2c1C(C)CO2,4,15,1.52,222.0462986
1061,COCCOc1c2c(c(OC)c3nsnc13)C1CCC2C1,5,21,1.53,306.1038134
1062,COc1cc2c(c3nsnc13)C(C)CCO2,4,16,1.44,236.0619486
1063,CCCCOc1c2c(c(N(C)C)c3nsnc13)C1CCC2CC1,5,23,1.48,331.1718334
1064,CC(C)Oc1c(C(C)C)ccc2nsnc12,4,16,1.6,236.0983341
1065,CC(C)c1c2c(c(N(C)C)c3nsnc13)C1CCC2CC1,5,21,1.41,301.1612687
1066,CNc1cc(OC)c(C)c2nsnc12,6,14,1.39,209.062283
1067,COc1c2c(c(C)c3nsnc13)CC(C)C2,6,16,1.49,234.0826841
1068,CCCCN1CCN(C)c2cc3nsnc3cc21,4,18,1.15,262.1252176
1069,COCCNc1c2c(c(C(C)C)c3nsnc13)C1CCC2CC1,5,23,1.36,331.1718334
1070,Cc1cc(N(C)C)c(N(C)C)c2nsnc12,8,16,1.46,236.1095675
1071,c1c2c(cc3nsnc13)OCCC2,2,13,1.58,192.0357339
1072,CCCOc1cc2nsnc2c2c1OCC2,4,16,1.56,236.0619486
1073,CCN(CC)c1c2c(c(C(C)C)c3nsnc13)C1CCC2CC1,5,23,1.41,329.1925689
1074,CCCCN1CCN(CCOC)c2cc3nsnc3cc21,5,21,1.16,306.1514323
1075,CCN1CCNc2c1cc(C)c1nsnc21,4,16,1.35,234.0939174
1076,COc1c(C(C)C)cc2nsnc2c1OC,6,16,1.63,238.0775987
1077,CCOc1cc(CC)c2nsnc2c1OC,6,16,1.62,238.0775987
1078,CCN1CCN(CC)c2c1c(C)c1nsnc1c2OC,8,20,1.35,292.1357823
1079,COc1c(OC(C)C)cc2nsnc2c1C,6,16,1.57,238.0775987
1080,CC(C)N1c2cc3nsnc3cc2CCC1C,3,17,1.37,247.1143185
1081,CCCCc1c2c(cc3nsnc13)CCC2C,4,17,1.48,246.1190696
1082,CCc1c2c(cc3nsnc13)C1CCC2C1,2,16,1.42,230.0877694
1083,CCCc1c2c(c(C(C)C)c3nsnc13)C1CCC2C1,4,20,1.34,286.1503697
1084,CC(C)COc1cc2nsnc2c2c1CCN2,4,17,1.42,249.0935831
1085,CCOc1c(C)c(C)c(NC)c2nsnc12,8,16,1.47,237.0935831
1086,CCOc1c2c(cc3nsnc13)N(C)CN2C,6,17,1.2,250.0888321
1087,CCC(C)c1c2c(cc3nsnc13)N(CC)CN2C,6,19,1.17,276.1408676
1088,CCOc1c2c(c(OCC)c3nsnc13)OCCO2,4,19,1.57,282.0674279
1089,CC1CCc2c3c(c4nsnc4c21)C(C)CO3,4,17,1.48,246.0826841
1090,CC1COc2c(ccc3nsnc23)O1,2,14,1.58,208.0306485
1091,CCCCC1Oc2cc3nsnc3cc2OC1CC,4,19,1.54,278.1088988
1092,CC(C)Oc1cc2nsnc2cc1N(C)C,5,16,1.53,237.0935831
1093,CCCOc1c(OCC)ccc2nsnc12,4,16,1.69,238.0775987
1094,COc1cc2c(c3nsnc13)OCCO2,3,15,1.52,224.0255631
1095,CCCc1c2c(cc3nsnc13)N(C(C)C)CN2C,6,19,1.07,276.1408676
1096,CN1CC(C)(C)c2ccc3nsnc3c21,3,15,1.52,219.0830184
1097,COc1cc2nsnc2c(C(C)C)c1OC,6,16,1.45,238.0775987
1098,CCN(CC)c1cc(C)cc2nsnc12,5,15,1.57,221.0986685
1099,CC(C)N1CCCc2c1ccc1nsnc21,3,16,1.43,233.0986685
1100,CCCc1c2c(c(CCOCC)c3nsnc13)C1CCC2C1,5,22,1.35,316.1609344
1101,CCCCc1cc(C(C)C)cc2nsnc12,4,16,1.55,234.1190696
1102,Cc1c2c(cc3nsnc13)OCCOC2,5,15,1.6,222.0462986
1103,CNc1c2c(c(N(C)CCOC)c3nsnc13)C1CCC2CC1,6,23,1.33,332.1670824
1104,CCOc1c2c(c(OC(C)CC)c3nsnc13)C1CCC2CC1,4,23,1.51,332.155849
1105,COc1c2c(cc3nsnc13)C1CCC2C1,2,16,1.5,232.067034
1106,CCCc1c2c(cc3nsnc13)CC(C)O2,4,16,1.44,234.0826841
1108,Cc1cc2nsnc2c(C)c1N(C)C(C)C,7,16,1.53,235.1143185
1109,CC1Oc2c(c3c(c4nsnc24)CCO3)C1C,4,17,1.52,248.0619486
1110,CCc1c(C)c2c(c3nsnc13)OCC2,6,15,1.52,220.067034
1111,CCCN(C)c1cccc2nsnc12,3,14,1.54,207.0830184
1112,COCCOc1cc2nsnc2cc1C,5,15,1.49,224.0619486
1113,CCCCN(c1cccc2nsnc12)C(C)C,3,17,1.59,249.1299686
1114,COc1c2c(c3nsnc3c1C)N(C)CC2,7,16,1.47,235.077933
1115,CC(C)Cc1c2c(cc3nsnc13)OCC2C,4,17,1.45,248.0983341
1116,CC1Cc2cc3nsnc3cc2N(C)C1,3,15,1.38,219.0830184
1117,CCCCc1ccc(OC(C)C)c2nsnc12,4,17,1.62,250.1139842
1118,CCC(C)c1c2c(cc3nsnc13)N(C)CN2CC,6,19,1.06,276.1408676
1119,CNc1c(N(C)C)cc(C)c2nsnc12,7,15,1.47,222.0939174
1120,CCN1CN(C)c2c1cc1nsnc1c2N(C)C,7,18,1.07,263.1204665
1121,CCN(C)CCOc1ccc2nsnc2c1,4,16,1.57,237.0935831
1122,CCC(C)c1c2c(c(NC(C)C)c3nsnc13)C1CCC2CC1,4,23,1.32,329.1925689
1123,Cc1c2c(cc3nsnc13)COCC2,5,14,1.6,206.0513839
1124,CCCCOCCc1cccc2nsnc12,3,16,1.65,236.0983341
1125,Cc1c(C)c(C)c2nsnc2c1C,8,13,1.41,192.0721194
1126,CCCNc1c2c(cc3nsnc13)CCO2,4,16,1.43,235.077933
1127,CCc1cc2c(c3nsnc13)N(C)C(C)C2,5,16,1.47,233.0986685
1128,CN(C)c1c2c(cc3nsnc13)OCCO2,3,16,1.47,237.0571976
1129,CCNc1c2c(c(CC)c3nsnc13)N(C)CN2C,8,19,1.3,277.1361166
1130,CCC(C)Oc1cc(OC)c2nsnc2c1,4,16,1.47,238.0775987
1131,CCCOc1c2c(cc3nsnc13)C1CCC2CC1,2,19,1.43,274.1139842
1132,CCCNc1c2c(c(C(C)C)c3nsnc13)C1CCC2C1,4,21,1.29,301.1612687
1133,CCCN1CCN(CCC)c2cc3nsnc3cc21,4,19,1.14,276.1408676
1134,CN(C)c1c2c(cc3nsnc13)C1CCC2CC1,3,18,1.48,259.1143185
1135,CCC1Oc2cc3nsnc3c(OC)c2OC1C,6,18,1.55,266.0725133
1136,CCCNc1c2c(cc3nsnc13)CC(C)C2,4,17,1.42,247.1143185
1137,COc1cc2nsnc2c(C)c1C(C)C,6,15,1.43,222.0826841
1138,CNc1cc2c(c3nsnc13)N(C)CCO2,4,16,1.39,236.073182
1139,COC1N(C(C)C)c2cc3nsnc3cc2N1C(C)C,6,20,1.2,292.1357823
1140,CCOc1c2c(cc3nsnc13)C(C)(C)CO2,4,17,1.53,250.0775987
1141,CCNc1c2c(cc3nsnc13)C(C)CC2,4,16,1.43,233.0986685
1142,Cc1ccc(CCN(C)C)c2nsnc12,6,15,1.59,221.0986685
1143,Cc1c2c(cc3nsnc13)OCCN(C)C2,6,16,1.6,235.077933
1144,CNc1cc2c(c3nsnc13)OCC(C)O2,4,16,1.44,237.0571976
1145,CCN(C)CCNc1cccc2nsnc12,4,16,1.51,236.1095675
1146,CCN1CCN(C)c2c1c(C(C)C)c1nsnc1c2C,8,20,1.26,290.1565177
1147,CCCOc1ccc2nsnc2c1,2,13,1.65,194.0513839
1148,CCCOc1ccc(C(C)CC)c2nsnc12,4,17,1.53,250.1139842
1149,CCOc1cc(NC)c2nsnc2c1OC,6,16,1.46,239.0728477
1150,CCCC1COc2cc3nsnc3c(CC(C)C)c2O1,4,20,1.47,292.1245489
1151,Cc1cc2nsnc2c2c1CCCO2,4,14,1.5,206.0513839
1152,CCN(CC)c1ccc2nsnc2c1C,5,15,1.54,221.0986685
1153,Cc1c2c(cc3nsnc13)CC(C)O2,4,14,1.45,206.0513839
1154,CCN(CC)c1ccc2nsnc2c1OC,5,16,1.53,237.0935831
1155,CCOc1c(CC)cc2nsnc2c1C,6,15,1.56,222.0826841
1156,CCCNc1c2c(c(OCC)c3nsnc13)C1CCC2C1,4,21,1.4,303.1405333
1157,CC(C)CN1CCN(C)c2cc3nsnc3cc21,4,18,1.15,262.1252176
1158,CCCN1CN(C)c2cc3nsnc3c(N(C)C)c21,7,19,1.09,277.1361166
1159,COc1c2c(cc3nsnc13)OC(C)C(C)O2,6,17,1.55,252.0568632
1160,CNc1c2c(cc3nsnc13)C(C)(C)CO2,4,16,1.43,235.077933
1161,CCC(C)c1c2c(c(C)c3nsnc13)C1CCC2CC1,4,20,1.33,286.1503697
1162,CC(C)COc1c2c(cc3nsnc13)N(C)CN2C,6,19,1.2,278.1201322
1163,CCOCCN(C)c1cccc2nsnc12,4,16,1.53,237.0935831
1164,CN(C)CCc1c2c(cc3nsnc13)N(C)CCN2C,8,20,1.19,291.1517667
1165,Cc1cc2nsnc2c2c1CCC2,4,13,1.51,190.0564693
1166,CCOc1c2c(cc3nsnc13)N(C)CCN2C(C)CC,6,21,1.25,306.1514323
1167,CCCOc1cc2nsnc2cc1CCC,4,16,1.46,236.0983341
1168,CCC(C)N(CC)c1ccc2nsnc2c1,3,16,1.42,235.1143185
1169,CC1CNc2c1c1c(c3nsnc23)CCC1,4,16,1.47,231.0830184
1170,CCc1c2c(cc3nsnc13)C(C)CC2,4,15,1.48,218.0877694
1172,CC1COc2c1c(N(C)C)cc1nsnc21,5,16,1.5,235.077933
1173,CCN1CCOc2cc(C)c3nsnc3c21,4,16,1.42,235.077933
1174,CCC(C)c1cc2c(c3nsnc13)CC(C)C2,4,17,1.51,246.1190696
1175,CNc1c(C)c(C(C)C)cc2nsnc12,6,15,1.51,221.0986685
1176,CCCOc1cc(CC)c2nsnc2c1,4,15,1.49,222.0826841
1177,COCCN(C)c1c2c(cc3nsnc13)C1CCC2C1,4,20,1.46,289.1248832
1178,CCCN1CCOc2ccc3nsnc3c21,2,16,1.47,235.077933
1179,CCCOc1c(OC)c(C)cc2nsnc12,6,16,1.61,238.0775987
1180,Cc1c2c(c(C)c3nsnc13)OC(CC(C)C)CO2,6,19,1.41,278.1088988
1181,CCOc1c2c(cc3nsnc13)N(CC(C)C)CN2C,6,20,1.1,292.1357823
1182,CCc1c2c(cc3nsnc13)OC(C(C)C)CO2,4,18,1.47,264.0932488
1183,Cc1c2c(cc3nsnc13)N(C)C(C)C2,5,15,1.29,219.0830184
1184,CCOc1cc(C)c(OCC)c2nsnc12,6,16,1.48,238.0775987
1185,COc1cc2c(c3nsnc13)C(C)(C)CO2,4,16,1.49,236.0619486
1186,COc1cc2nsnc2c2c1C(C)CN2,4,15,1.43,221.062283
1187,CCNc1c2c(c(NC)c3nsnc13)OCCO2,4,18,1.38,266.0837467
1188,CCC1Cc2c3c(c4nsnc4c2N1)CCC3,4,17,1.46,245.0986685
1189,CCCCN1CCN(C(C)C)c2cc3nsnc3c(C)c21,6,21,1.23,304.1721678
1190,CCc1c2c(c(NCC(C)C)c3nsnc13)C1CCC2CC1,4,22,1.36,315.1769188
1191,CCCCc1c2c(c(NCC)c3nsnc13)C1CCC2C1,4,21,1.33,301.1612687
1192,COc1c(C)c(C)cc2nsnc12,6,13,1.57,194.0513839
1193,CCCN(C)c1c2c(c(C(C)C)c3nsnc13)C1CCC2C1,5,22,1.29,315.1769188
1194,COCCOc1cc2nsnc2cc1OC,5,16,1.55,240.0568632
1195,CCc1cc(OCC(C)C)c2nsnc2c1,4,16,1.53,236.0983341
1196,COc1cc(N(C)C)c2nsnc2c1OC,7,16,1.51,239.0728477
1197,CCc1c2c(cc3nsnc13)COCCO2,5,16,1.63,236.0619486
1198,CCOc1cc(CCOC)c2nsnc2c1,5,16,1.51,238.0775987
1199,CCNc1c2c(cc3nsnc13)COCC2,5,16,1.53,235.077933
1200,CCC(C)c1c2c(cc3nsnc13)CCC2C,4,17,1.46,246.1190696
1201,CCOc1c2c(c(N(CC)CC)c3nsnc13)C1CCC2C1,5,22,1.35,317.1561834
1202,CC1CCc2c3c(c4nsnc4c2O1)CCO3,4,17,1.45,248.0619486
1203,CC(C)c1c2c(cc3nsnc13)OC(C(C)C)CO2,5,19,1.45,278.1088988
1204,CC(C)c1ccc2nsnc2c1,2,12,1.63,178.0564693
1205,CCc1c2c(c3nsnc3c1C)OCC2,6,15,1.53,220.067034
1206,CCNc1cc2c(c3nsnc13)N(C)CCO2,4,17,1.38,250.0888321
1207,c1c2c(cc3nsnc13)OCCOCCC2,3,16,1.64,236.0619486
1208,CCc1cc(C)c2nsnc2c1N(C)CC,7,16,1.52,235.1143185
1209,CCCCc1c(C)ccc2nsnc12,4,14,1.58,206.0877694
1210,CCc1c(C)c(OC)c2nsnc2c1C,8,15,1.52,222.0826841
1211,CCCN1CCN(C(C)CC)c2cc3nsnc3cc21,4,20,1.12,290.1565177
1212,CCOc1c2c(c(OCC)c3nsnc13)C1CCC2C1,4,20,1.5,290.1088988
1213,CCCNc1c2c(c(OCCC)c3nsnc13)C1CCC2C1,4,22,1.4,317.1561834
1214,CCc1c(OC)c(N(C)C)cc2nsnc12,7,16,1.45,237.0935831
1215,CCCCc1ccc2nsnc2c1CC,4,15,1.57,220.1034195
1216,Cc1c(N(C)C)c(N(C)C)cc2nsnc12,8,16,1.38,236.1095675
1217,CCOCCNc1c2c(c(OC)c3nsnc13)C1CCC2C1,5,22,1.42,319.1354479
1218,Cc1c2c(c(OCC(C)C)c3nsnc13)C1CCC2C1,4,20,1.43,288.1296343
1219,COc1c(C)c2c(c3nsnc13)CC(C)O2,6,16,1.52,236.0619486
1220,CCCOc1ccc(OC(C)C)c2nsnc12,4,17,1.61,252.0932488
1221,CCC(C)Nc1c2c(cc3nsnc13)OCCO2,2,18,1.49,265.0884977
1222,CC/C([O-])=[N+](\c1c2c(cc3nsnc13)C1CCC2C1)C(C)C,3,22,1.59,315.1405333
1223,CCN1CN(CC(C)C)c2c1cc1nsnc1c2C,6,19,1.1,276.1408676
1224,CCCCc1c2c(c(CC)c3nsnc13)OCCO2,4,19,1.4,278.1088988
1225,COC1CN(C)c2c1ccc1nsnc21,4,15,1.57,221.062283
1226,COc1c(C)cc(C)c2nsnc12,6,13,1.48,194.0513839
1227,CCCCc1cc(OC(C)C)c2nsnc2c1,4,17,1.64,250.1139842
1228,CCc1cc(NC)c2nsnc2c1OC,6,15,1.49,223.077933
1229,CCCc1cc2nsnc2cc1OC(C)C,4,16,1.5,236.0983341
1230,CCCCc1c2c(c(NC)c3nsnc13)OCCO2,5,19,1.37,279.1041478
1231,CCCN1CCN(C)c2cc3nsnc3c(NC(C)C)c21,6,21,1.18,305.1674167
1232,CNc1cc(N(C)C)c(OC)c2nsnc12,7,16,1.44,238.0888321
1234,CCNc1c2c(cc3nsnc13)C1CCC2CC1,2,18,1.42,259.1143185
1235,CC1CCc2c1c1c(c3nsnc23)NCC1C,4,17,1.48,245.0986685
1236,CCC(C)Nc1cccc2nsnc12,2,14,1.5,207.0830184
1237,CCc1c2c(c(N(CC)CC)c3nsnc13)C1CCC2C1,5,21,1.33,301.1612687
1238,CCOc1cc2nsnc2cc1C(C)C,4,15,1.49,222.0826841
1239,COc1cc(OC(C)C)c(C)c2nsnc12,6,16,1.53,238.0775987
1240,CN1CCOc2c3c(c4nsnc4c21)CCO3,4,17,1.38,249.0571976
1241,CNc1c2c(cc3nsnc13)CC(C)N2C,5,16,1.28,234.0939174
1242,CCc1cc(C)c2nsnc2c1,4,12,1.57,178.0564693
1243,Cc1c2c(cc3nsnc13)N(C)CCN2C,6,16,1.29,234.0939174
1244,CCOc1cc2c(c3nsnc13)OC(CC)C2,4,17,1.65,250.0775987
1245,CCNc1c2c(c(C(C)CC)c3nsnc13)C1CCC2CC1,4,22,1.41,315.1769188
1246,CCCN(CC)c1ccc2nsnc2c1C,5,16,1.53,235.1143185
1247,CCc1c2c(c(CC)c3nsnc13)OCC2,6,16,1.38,234.0826841
1248,CCN(C)c1c(C(C)C)ccc2nsnc12,5,16,1.57,235.1143185
1249,CCCc1c(C)cc2nsnc2c1OCC,6,16,1.57,236.0983341
1250,CCOc1cc(CC)c(C)c2nsnc12,6,15,1.62,222.0826841
1252,CC1CCOc2cc3nsnc3cc21,2,14,1.58,206.0513839
1253,CCN1CCc2cc3nsnc3c(C)c21,5,15,1.3,219.0830184
1254,COc1cc2c(c3nsnc13)N(C)CCC2,5,16,1.45,235.077933
1255,CC1Cc2c(c3c(c4nsnc24)OCCC3)O1,4,17,1.45,248.0619486
1257,CCC1CN(C)c2ccc3nsnc3c21,3,15,1.5,219.0830184
1258,CC(C)c1cc2nsnc2c2c1CCO2,4,15,1.58,220.067034
1259,CCc1cc2nsnc2c2c1OCC(CC)O2,4,17,1.5,250.0775987
1260,CCN(c1c2c(cc3nsnc13)C1CCC2CC1)C(C)C,3,21,1.43,301.1612687
1261,CCCN1CCN(C)c2cc3nsnc3cc21,4,17,1.15,248.1095675
1262,CCCOCCc1c2c(cc3nsnc13)C1CCC2CC1,3,21,1.46,302.1452843
1263,COc1cc(N(C)C(C)C)cc2nsnc12,5,16,1.38,237.0935831
1264,CCC1Oc2ccc3nsnc3c2OC1C,3,16,1.57,236.0619486
1265,CCc1c2c(cc3nsnc13)N(C)CCO2,4,16,1.3,235.077933
1266,CCCOc1c2c(cc3nsnc13)N(C)CCN2C,6,19,1.35,278.1201322
1267,CC1CN(C(C)C)c2cc3nsnc3cc21,3,16,1.32,233.0986685
1268,CCCc1cc(OC)c(NC)c2nsnc12,6,16,1.47,237.0935831
1269,CCc1c(OC)c(NC)c2nsnc2c1C,8,16,1.45,237.0935831
1270,CCc1cc2nsnc2c(N(C)C)c1OC,7,16,1.52,237.0935831
1271,CCCc1cc2nsnc2c2c1OCC2,4,15,1.53,220.067034
1272,CCC(C)Oc1cc(OC)cc2nsnc12,4,16,1.56,238.0775987
1273,CCC(C)c1ccc(C(C)C)c2nsnc12,4,16,1.49,234.1190696
1274,Cc1c2c(c3nsnc3c1C)OCC2C,6,15,1.53,220.067034
1275,Cc1c2c(cc3nsnc13)CCCC2,4,14,1.52,204.0721194
1276,CCc1cc(C)c2nsnc2c1NC,6,14,1.46,207.0830184
1277,CN(C)c1c2c(cc3nsnc13)CCO2,5,15,1.45,221.062283
1278,COc1cc(C)c2nsnc2c1N(C)C,7,15,1.58,223.077933
1279,Cc1ccc(N(C)CC(C)C)c2nsnc12,5,16,1.44,235.1143185
1280,c1c2c(cc3nsnc13)C1CCC2CC1,4,15,1.52,216.0721194
1281,CCCOCCN(C)c1c2c(cc3nsnc13)C1CCC2C1,4,22,1.41,317.1561834
1282,CCC(C)N(C)c1c2c(cc3nsnc13)N(C)CCN2C,7,21,1.24,305.1674167
1283,CCC(C)c1c2c(cc3nsnc13)OC(C)CO2,4,18,1.45,264.0932488
1284,CCN1CCN(C)c2c1cc1nsnc1c2/[NH+]=C(\C)[O-],6,20,1.46,291.1153812
1285,CCOc1cc2nsnc2c(OC)c1OC,6,16,1.55,240.0568632
1286,C1COc2c3c(c4nsnc4c2N1)CCO3,3,16,1.39,235.0415475
1287,CCCNc1c2c(c(CCC)c3nsnc13)C1CCC2CC1,4,22,1.36,315.1769188
1288,CN(C)c1cc2nsnc2c2c1CCCN2,5,16,1.4,234.0939174
1289,CNc1c(N(C)C(C)C)ccc2nsnc12,5,16,1.53,236.1095675
1290,CCc1c2c(cc3nsnc13)N(C)C(C)C2,5,16,1.29,233.0986685
1291,CCOc1c2c(c(CCOC)c3nsnc13)C1CCC2CC1,5,22,1.48,318.1401989
1292,COCCN1CCN(C)c2c1cc1nsnc1c2C(C)C,7,21,1.28,306.1514323
1293,CCC(C)Nc1c2c(cc3nsnc13)CCC2,4,17,1.53,247.1143185
1294,CCN(CC)c1c2c(c(C)c3nsnc13)OCCO2,6,19,1.38,279.1041478
1295,CCN1CCN(CC)c2c1cc1nsnc1c2OC(C)C,6,21,1.25,306.1514323
1296,CC1CCc2ccc3nsnc3c21,2,13,1.58,190.0564693
1297,CCc1ccc(NC)c2nsnc12,4,13,1.47,193.0673684
1298,CCCOc1c(CC)c(C)cc2nsnc12,6,16,1.57,236.0983341
1299,CC(C)OCCNc1c2c(cc3nsnc13)OCCO2,4,20,1.46,295.0990624
1300,CCCCNc1c2c(c(NCC)c3nsnc13)C1CCC2CC1,4,23,1.35,330.1878178
1301,Cc1cc2nsnc2c2c1OCC2C,4,14,1.51,206.0513839
1302,CNc1c2c(cc3nsnc13)CCCN2C,5,16,1.42,234.0939174
1303,CCCc1c2c(c(OC)c3nsnc13)C1CCC2CC1,4,20,1.46,288.1296343
1304,CC1COc2c(cc(C(C)C)c3nsnc23)O1,4,17,1.51,250.0775987
1305,COc1c(C)c2c(c3nsnc13)CCN2C,7,16,1.48,235.077933
1307,CC(C)Cc1c2c(c(N(C)C)c3nsnc13)C1CCC2C1,5,21,1.37,301.1612687
1308,CCN1CN(C)c2c1cc1nsnc1c2CC(C)C,6,19,1.08,276.1408676
1309,CCCc1c(C)c(CC)cc2nsnc12,6,15,1.49,220.1034195
1310,CCNc1c2c(c(N(C)C)c3nsnc13)OCCO2,5,19,1.38,280.0993968
1311,COCCN1CCN(C)c2c1cc1nsnc1c2C,7,19,1.3,278.1201322
1312,CC(C)CN1CCN(C)c2cc3nsnc3c(N(C)C)c21,7,21,1.25,305.1674167
1313,CCCCc1ccc2nsnc2c1C,4,14,1.58,206.0877694
1314,COc1c2c(cc3nsnc13)N(C)C(OC)N2C,8,18,1.27,266.0837467
1315,COc1cc2nsnc2cc1C(C)C,4,14,1.5,208.067034
1316,CCCc1cc2c(c3nsnc13)NCCO2,3,16,1.45,235.077933
1317,CCNc1c(C)c(N(C)C)cc2nsnc12,7,16,1.46,236.1095675
1318,CCCN1CN(C)c2c1c(C)c1nsnc1c2OC,8,19,1.19,278.1201322
1319,C1Cc2c(c3c(c4nsnc24)OCC3)O1,4,15,1.54,220.0306485
1320,CC1COc2c(c3c(c4nsnc24)CCO3)O1,4,17,1.45,250.0412132
1321,COc1c2c(c(NCC(C)C)c3nsnc13)C1CCC2CC1,4,22,1.45,317.1561834
1322,COc1c2c(c(OC)c3nsnc13)C1CCC2C1,4,18,1.52,262.0775987
1323,CCOc1c2c(c(OC)c3nsnc13)OC(C)CO2,6,19,1.57,282.0674279
1324,Cc1ccc(OCC(C)C)c2nsnc12,4,15,1.55,222.0826841
1325,CNc1c(C)cc(N(C)C)c2nsnc12,7,15,1.48,222.0939174
1326,CCOc1c(OCC(C)C)ccc2nsnc12,4,17,1.69,252.0932488
1327,CCOc1ccc2nsnc2c1CC(C)C,4,16,1.55,236.0983341
1328,CCc1c(OC)c(OC)cc2nsnc12,6,15,1.46,224.0619486
1329,CCc1c2c(cc3nsnc13)N(C)CC2,5,15,1.29,219.0830184
1330,CNc1cc(OC)c(C(C)C)c2nsnc12,6,16,1.36,237.0935831
1331,COc1c(C(C)C)cc(C)c2nsnc12,6,15,1.69,222.0826841
1332,CCC(C)N1CCc2ccc3nsnc3c21,3,16,1.45,233.0986685
1333,CCc1c2c(c(OC)c3nsnc13)CCO2,6,16,1.46,236.0619486
1334,CCC(C)c1c2c(cc3nsnc13)C1CCC2C1,2,18,1.39,258.1190696
1335,CCCNc1c(C)c(OC)cc2nsnc12,6,16,1.39,237.0935831
1336,CN1CCNc2c1ccc1nsnc21,2,14,1.44,206.0626173
1337,CCOc1c2c(c(NC)c3nsnc13)N(C)CCN2C,8,20,1.34,293.1310312
1338,COCCc1cc2nsnc2c2c1CCC2,5,16,1.55,234.0826841
1339,CNc1c(OC)c(C)c(OC)c2nsnc12,8,16,1.52,239.0728477
1340,CCc1c(C)cc2nsnc2c1N(C)C,7,15,1.53,221.0986685
1341,CCc1cc2nsnc2c(C)c1N(C)C,7,15,1.53,221.0986685
1342,CCCOc1cc(CC)cc2nsnc12,4,15,1.61,222.0826841
1343,CCCN1CCN(C)c2c1c(NC)c1nsnc1c2C,8,20,1.38,291.1517667
1344,COc1cc2c(c3nsnc13)CCCO2,4,15,1.46,222.0462986
1345,Cc1ccc2nsnc2c1OCC(C)C,4,15,1.53,222.0826841
1346,Cc1cc2c(c3nsnc13)CC(C)CO2,4,15,1.47,220.067034
1347,CCCCOCCc1c2c(cc3nsnc13)C1CCC2C1,3,21,1.42,302.1452843
1348,CCC(C)OCCc1c2c(cc3nsnc13)C1CCC2CC1,3,22,1.49,316.1609344
1349,C1Cc2c3c(c4nsnc4c2N1)OCCO3,3,16,1.47,235.0415475
1350,CCCC1COc2cc(C)c3nsnc3c2O1,4,17,1.52,250.0775987
1351,COc1cc2nsnc2c2c1CCOC2,5,15,1.52,222.0462986
1352,CCCc1c2c(cc3nsnc13)N(CC(C)C)CN2C,6,20,1.02,290.1565177
1353,COc1cc(N(C)C(C)C)c2nsnc2c1,5,16,1.44,237.0935831
1354,COc1c(C)cc(NC(C)C)c2nsnc12,6,16,1.49,237.0935831
1355,CC1Oc2cc3nsnc3cc2C1C,2,14,1.52,206.0513839
1356,Cc1cc2nsnc2c2c1OCC2,4,13,1.52,192.0357339
1357,CCCc1c2c(cc3nsnc13)OC(C)C2,4,16,1.44,234.0826841
1358,CCC1Cc2cc3nsnc3cc2CCO1,3,16,1.62,234.0826841
1359,CCN(C)c1c(OC)c(C)cc2nsnc12,7,16,1.47,237.0935831
1360,CCCOc1c2c(cc3nsnc13)OCC2C,4,17,1.52,250.0775987
1361,CCOCCc1c2c(cc3nsnc13)N(C)CCN2C,7,20,1.32,292.1357823
1362,CCOc1cc(C(C)CC)c2nsnc2c1,4,16,1.55,236.0983341
1363,CC(C)Cc1c2c(c(N(C)C)c3nsnc13)C1CCC2CC1,5,22,1.36,315.1769188
1364,CCOc1ccc2nsnc2c1NC(C)C,4,16,1.49,237.0935831
1365,CCN(C)c1cc(C(C)C)c2nsnc2c1,5,16,1.36,235.1143185
1366,CCCOc1ccc(CC)c2nsnc12,4,15,1.64,222.0826841
1367,CCCCc1c2c(c(CC)c3nsnc13)N(C)CCN2C,8,21,1.32,304.1721678
1368,CCCc1c2c(cc3nsnc13)N(CC)CN2C,6,18,1.08,262.1252176
1369,CC(C)Cc1c(C(C)C)ccc2nsnc12,4,16,1.53,234.1190696
1370,CCC(C)Nc1cc(C)c(C)c2nsnc12,6,16,1.41,235.1143185
1371,COCCc1cccc2nsnc12,3,13,1.65,194.0513839
1372,CCN1c2cc3nsnc3cc2CC1C,3,15,1.32,219.0830184
1373,CCC(C)c1c2c(c(NC)c3nsnc13)C1CCC2CC1,4,21,1.36,301.1612687
1374,CCc1c2c(cc3nsnc13)CCO2,4,14,1.45,206.0513839
1375,Cc1cc2c(c3nsnc13)CCCCN2C,5,16,1.45,233.0986685
1376,CCCc1cc2nsnc2cc1CCOC,5,16,1.57,236.0983341
1377,CCOc1c2c(c(C)c3nsnc13)OCC(CC)O2,6,19,1.48,280.0881634
1378,COc1c2c(c(CCN(C)C)c3nsnc13)C1CCC2CC1,6,22,1.49,317.1561834
1379,CCCCN(c1c2c(cc3nsnc13)C1CCC2CC1)C(C)C,3,23,1.43,329.1925689
1380,CCc1cc2c(c3nsnc13)OCCC2,4,15,1.5,220.067034
1381,CNc1cc2c(c3nsnc13)OC(C)C2,4,15,1.51,221.062283
1382,CCOc1cc(NC)c2nsnc2c1C,6,15,1.39,223.077933
1383,CCc1cc(OC(C)CC)c2nsnc2c1,4,16,1.58,236.0983341
1384,CCCc1c2c(c(CCC)c3nsnc13)C1CCC2C1,4,20,1.35,286.1503697
1385,COc1c2c(cc3nsnc13)CCN2C,5,15,1.4,221.062283
1386,CCCCOc1cc2nsnc2cc1OCC,4,17,1.53,252.0932488
1387,CCc1c2c(c(N(C)CCOC)c3nsnc13)C1CCC2C1,6,22,1.37,317.1561834
1388,CCCCN1CCN(C)c2c1c(C)c1nsnc1c2CC,8,21,1.26,304.1721678
1390,CC(C)OCCc1c2c(cc3nsnc13)OCCO2,3,19,1.49,280.0881634
1391,CC(C)N1CCCc2cc3nsnc3cc21,3,16,1.38,233.0986685
1392,COc1c2c(c(OC)c3nsnc13)OCCO2,4,17,1.59,254.0361278
1393,CCNc1c2c(cc3nsnc13)C(CC)CO2,4,17,1.43,249.0935831
1394,CCCN(CC)c1ccc2nsnc2c1,3,15,1.66,221.0986685
1395,CN(C)c1cc2c(c3nsnc13)OCC2,5,15,1.54,221.062283
1396,CCNc1c2c(c(C)c3nsnc13)N(C)CCN2C,8,19,1.35,277.1361166
1397,CCc1c2c(cc3nsnc13)N(C)CCN2CC,6,18,1.28,262.1252176
1398,CNc1cc(N(C)C)c(C)c2nsnc12,7,15,1.39,222.0939174
1399,CCCOc1c2c(c(C)c3nsnc13)C1CCC2CC1,4,20,1.54,288.1296343
1400,CCCc1cc(C)c(CCC)c2nsnc12,6,16,1.48,234.1190696
1401,Cc1c2c(c(CC(C)C)c3nsnc13)C1CCC2CC1,4,20,1.39,286.1503697
1402,CCOc1c(OC)c(C)c(C)c2nsnc12,8,16,1.57,238.0775987
1403,CNc1c(C)c(OC)c(C)c2nsnc12,8,15,1.45,223.077933
1404,CNc1c2c(c(C(C)C)c3nsnc13)OCCO2,4,18,1.35,265.0884977
1405,CCCc1c(C)cc(OC)c2nsnc12,6,15,1.5,222.0826841
1406,COc1cc2nsnc2c(OC(C)C)c1C,6,16,1.47,238.0775987
1407,CCC1COc2cc3nsnc3c(NC(C)C)c2O1,4,19,1.48,279.1041478
1408,CN(C)c1cc2c(c3nsnc13)CCC2,5,15,1.46,219.0830184
1409,CCc1c2c(cc3nsnc13)N(C(C)C)CCN2C,6,19,1.3,276.1408676
1410,Cc1cc2c(c3nsnc13)CCCO2,4,14,1.47,206.0513839
1411,CCC(C)Oc1cccc2nsnc12,2,14,1.69,208.067034
1412,CCOc1c2c(c(OCC(C)C)c3nsnc13)C1CCC2CC1,4,23,1.52,332.155849
1413,CCC1COc2cc(OC)c3nsnc3c21,4,16,1.5,236.0619486
1414,CCOc1c2c(c(CC)c3nsnc13)OC(C)CO2,6,19,1.48,280.0881634
1415,CCC(C)Oc1c(C)c(C)cc2nsnc12,6,16,1.54,236.0983341
1416,COc1cc2nsnc2c2c1OCCC2,4,15,1.37,222.0462986
1417,CCc1cc(C(C)C)c(C)c2nsnc12,6,15,1.48,220.1034195
1418,CCC(C)Nc1c2c(cc3nsnc13)N(CC)CCN2C,6,21,1.21,305.1674167
1419,CCOc1cc2nsnc2c(C)c1OCC,6,16,1.46,238.0775987
1420,CN(C)c1cc2nsnc2c2c1CCN2C,6,16,1.4,234.0939174
1421,CCN(CC)c1cc(NC)c2nsnc2c1,5,16,1.25,236.1095675
1422,Cc1cc(OC(C)C)c2nsnc2c1C,6,15,1.57,222.0826841
1423,COC1COc2c(C)cc3nsnc3c21,5,15,1.58,222.0462986
1424,CCOc1c2c(c(N(C)C(C)C)c3nsnc13)C1CCC2C1,5,22,1.41,317.1561834
1425,COc1c2c(cc3nsnc13)OC(C)CC2,4,16,1.57,236.0619486
1426,CCc1c2c(cc3nsnc13)N(C(C)C)CCN2CC,6,20,1.24,290.1565177
1427,CCN1CCc2c1ccc1nsnc21,3,14,1.52,205.0673684
1428,CN(C)c1c2c(cc3nsnc13)N(C)CC2,6,16,1.3,234.0939174
1429,CCCCOc1ccc(OCC)c2nsnc12,4,17,1.62,252.0932488
1430,CCC(C)c1cc(C)c(NC)c2nsnc12,6,16,1.45,235.1143185
1431,COCCOc1cccc2nsnc12,3,14,1.63,210.0462986
1432,CCOc1cc2c(c3nsnc13)NC(CC)C2,4,17,1.57,249.0935831
1433,CCC1COc2c(c(OC)c3nsnc3c2C)O1,6,18,1.5,266.0725133
1434,Cc1c(N(C)C)cc2nsnc2c1N(C)C,8,16,1.43,236.1095675
1435,CCC(C)N(C)c1c2c(c(OC)c3nsnc13)C1CCC2CC1,5,23,1.48,331.1718334
1436,COc1cc(N(C)C)c2nsnc2c1C,7,15,1.44,223.077933
1437,CCOc1cc(NC)c2nsnc2c1NC,6,16,1.4,238.0888321
1438,CCN(C)c1c2c(c(N(C)CC)c3nsnc13)C1CCC2C1,6,22,1.28,316.1721678
1439,COc1c2c(c(C)c3nsnc13)OC(C)CO2,6,17,1.5,252.0568632
1440,CCc1c2c(c(N(C)CC)c3nsnc13)C1CCC2CC1,5,21,1.4,301.1612687
1441,CCC1Cc2c(C(C)C)cc3nsnc3c2N1,4,17,1.5,247.1143185
1442,CCCOc1c2c(cc3nsnc13)N(CC)CCN2C,6,20,1.34,292.1357823
1443,CCCN1CN(C)c2cc3nsnc3c(OC(C)C)c21,6,20,1.19,292.1357823
1444,CCOc1c(OC)cc(OC)c2nsnc12,6,16,1.61,240.0568632
1445,CCCc1cccc2nsnc12,2,12,1.63,178.0564693
1446,CCN(c1c2c(cc3nsnc13)C1CCC2C1)C(C)C,3,20,1.4,287.1456187
1447,CNc1cc(OCCOC)cc2nsnc12,5,16,1.4,239.0728477
1448,CC1COc2cc3nsnc3c(N(C)C)c2O1,6,17,1.47,251.0728477
1449,CCCc1cc(C)c2nsnc2c1NC,6,15,1.53,221.0986685
1451,CCNc1ccc(CCOC)c2nsnc12,5,16,1.5,237.0935831
1452,CCC(C)N1CCN(C)c2c1c(C)c1nsnc1c2C,8,20,1.27,290.1565177
1453,CCc1c2c(c(OC)c3nsnc13)OCCO2,4,17,1.5,252.0568632
1454,CCc1cc(OC)c2nsnc2c1,4,13,1.54,194.0513839
1456,CCOc1cc2c(c3nsnc13)OCCN2C,4,17,1.52,251.0728477
1457,CCCCc1cc(OC)c2nsnc2c1,4,15,1.54,222.0826841
1458,COc1c2c(cc3nsnc13)OCCN2C,4,16,1.47,237.0571976
1459,CCNc1cc(N(C)C)c(C)c2nsnc12,7,16,1.39,236.1095675
1460,CCCCc1ccc(C(C)C)c2nsnc12,4,16,1.55,234.1190696
1461,CCOc1c2c(cc3nsnc13)N(C)CN2CC(C)C,6,20,1.08,292.1357823
1462,CCc1ccc(N(CC)CC)c2nsnc12,5,16,1.41,235.1143185
1463,CCCN1CC(C)Cc2cc3nsnc3cc21,3,17,1.36,247.1143185
1464,CNc1c2c(cc3nsnc13)N(C)C(OC)N2C,8,18,1.13,265.0997311
1465,CCCN(C)c1c(C)cc(C)c2nsnc12,7,16,1.51,235.1143185
1466,CCCOc1c(C)cc(OC)c2nsnc12,6,16,1.57,238.0775987
1467,CCCOCCOc1c2c(c(C)c3nsnc13)C1CCC2CC1,5,23,1.49,332.155849
1468,CCCN(C)c1ccc(OC)c2nsnc12,5,16,1.51,237.0935831
1469,CCc1c2c(c(C)c3nsnc13)N(CC)CCN2C,8,19,1.36,276.1408676
1470,CCc1c(OC)ccc2nsnc12,4,13,1.58,194.0513839
1471,CCc1cc2nsnc2c2c1OCC(C)O2,4,16,1.51,236.0619486
1472,CCNc1c2c(c(NC)c3nsnc13)N(C)CCN2C,8,20,1.33,292.1470156
1473,c1cc2nsnc2c2c1CCCO2,2,13,1.56,192.0357339
1474,Cc1c2c(c(C)c3nsnc13)OC(C(C)C)CO2,6,18,1.4,264.0932488
1475,CC(C)COc1c2c(cc3nsnc13)OCCO2,3,18,1.56,266.0725133
1476,CCC1COc2cc3nsnc3cc21,2,14,1.53,206.0513839
1477,CC1Cc2c3c(c4nsnc4c2C1)OCCC3,4,17,1.46,246.0826841
1478,CCCc1cc(OC(C)C)c2nsnc2c1,4,16,1.62,236.0983341
1479,CNc1c2c(c(N(C)C(C)C)c3nsnc13)C1CCC2CC1,5,22,1.39,316.1721678
1480,CNc1c(CCOC)ccc2nsnc12,5,15,1.52,223.077933
1481,CCCNc1cc2c(c3nsnc13)OCC2,4,16,1.51,235.077933
1482,CCCC1Oc2cc3nsnc3cc2OC1C(C)CC,4,20,1.52,292.1245489
1483,CC(C)c1c2c(cc3nsnc13)N(C)CCN2C(C)C,6,20,1.2,290.1565177
1484,CCCCOc1c2c(cc3nsnc13)C1CCC2CC1,2,20,1.52,288.1296343
1485,CCC1Cc2c(cc3nsnc3c2C)N1C,5,16,1.2,233.0986685
1486,CCCN(c1ccc2nsnc2c1)C(C)C,3,16,1.43,235.1143185
1487,CCC(C)c1cc(OC)c(C)c2nsnc12,6,16,1.48,236.0983341
1488,CCOc1c2c(cc3nsnc13)OC(CC)C2,4,17,1.5,250.0775987
1489,CCOc1cc(C)c2nsnc2c1OCC,6,16,1.58,238.0775987
1490,Cc1cc(OCC(C)C)c2nsnc2c1C,6,16,1.58,236.0983341
1491,CCCN1CCN(C)c2c1ccc1nsnc21,3,17,1.41,248.1095675
1492,CCN1CCOc2cc3nsnc3cc21,2,15,1.34,221.062283
1493,CCC1Cc2c(ccc3nsnc23)O1,2,14,1.6,206.0513839
1494,CCC/C([O-])=[NH+]\c1c2c(cc3nsnc13)C1CCC2CC1,2,21,1.67,301.1248832
1495,C/C([O-])=[NH+]\c1c2c(cc3nsnc13)C1CCC2C1,2,18,1.63,259.077933
1496,[O-]C1=[NH+]c2c(ccc3nsnc23)CC1,2,14,1.76,205.0309828
1497,CCCCC1COc2c(ccc3nsnc23)O1,2,17,1.58,250.0775987
1498,CC1Oc2ccc3nsnc3c2C1C,2,14,1.59,206.0513839
1499,CCCc1c2c(cc3nsnc13)C1CCC2CC1,2,18,1.45,258.1190696
1500,CC(C)CC1COc2c(ccc3nsnc23)O1,2,17,1.58,250.0775987
1501,CC1(C)COc2ccc3nsnc3c21,2,14,1.59,206.0513839
1502,CCCC1COc2cc3nsnc3cc2O1,2,16,1.56,236.0619486
1503,CCC(C)c1c2c(cc3nsnc13)OCCO2,2,17,1.46,250.0775987
1504,Cc1cccc2nsnc12,2,10,1.64,150.0251692
1505,CCCCc1ccc2nsnc2c1,2,13,1.63,192.0721194
1506,CC/C([O-])=[NH+]\c1c2c(cc3nsnc13)C1CCC2C1,2,19,1.62,273.0935831
1507,CCN1CCOc2ccc3nsnc3c21,2,15,1.5,221.062283
1508,CC1COc2c1ccc1nsnc21,2,13,1.64,192.0357339
1509,CC1COc2cc3nsnc3cc21,2,13,1.53,192.0357339
1510,CCC1COc2cc3nsnc3cc2O1,2,15,1.56,222.0462986
1511,CCC(C)Oc1ccc2nsnc2c1,2,14,1.56,208.067034
1512,[O-]C1=[NH+]c2c(ccc3nsnc23)CCC1,2,15,1.74,219.0466329
1513,CCc1c2c(cc3nsnc13)OCCO2,2,15,1.49,222.0462986
1514,CCC1Cc2ccc3nsnc3c2[NH+]=C1[O-],2,16,1.75,233.062283
1515,CC1COc2ccc3nsnc3c2C1,2,14,1.54,206.0513839
1516,CCCC/C([O-])=[NH+]\c1cccc2nsnc12,2,16,1.81,235.077933
1517,CCCCNc1cccc2nsnc12,2,14,1.51,207.0830184
1518,CCC(C)N1CCOc2c1ccc1nsnc21,2,17,1.44,249.0935831
1519,CC/C([O-])=[NH+]\c1cccc2nsnc12,2,14,1.8,207.0466329
1520,c1c2c(cc3nsnc13)OCC2,2,12,1.52,178.0200838
1521,CNc1cccc2nsnc12,2,11,1.51,165.0360682
1522,c1cc2nsnc2c2c1OCCO2,1,13,1.59,194.0149984
1523,CCC1Cc2cc3nsnc3cc2O1,2,14,1.51,206.0513839
1524,Cc1c2c(cc3nsnc13)C1CCC2C1,2,15,1.42,216.0721194
1525,CC(C)N1CCOc2cc3nsnc3cc21,2,16,1.36,235.077933
1526,c1cc2nsnc2c2c1CCN2,2,12,1.55,177.0360682
1527,CC(C)N1CCOc2c1ccc1nsnc21,2,16,1.46,235.077933
1528,c1cc2nsnc2c2c1OCCCC2,2,14,1.55,206.0513839
1529,CC(C)Cc1c2c(cc3nsnc13)C1CCC2CC1,2,19,1.45,272.1347196
1530,CC(C)COc1cccc2nsnc12,2,14,1.59,208.067034
1531,CC(C)C1COc2c(ccc3nsnc23)O1,2,16,1.58,236.0619486
1532,CCOc1c2c(cc3nsnc13)C1CCC2CC1,2,18,1.43,260.0983341
1533,CC(C)CNc1c2c(cc3nsnc13)C1CCC2CC1,2,20,1.42,287.1456187
1534,CC1CCOc2ccc3nsnc3c21,2,14,1.53,206.0513839
1535,CC(C)/C([O-])=[NH+]\c1c2c(cc3nsnc13)OCCO2,2,19,1.7,279.0677623
1536,CC1CCc2cc3nsnc3cc21,2,13,1.55,190.0564693
1537,COc1cccc2nsnc12,2,11,1.61,166.0200838
1538,CCc1ccc2nsnc2c1,2,11,1.63,164.0408193
1539,CC(C)Nc1c2c(cc3nsnc13)C1CCC2C1,2,18,1.37,259.1143185
1540,CCC(C)Oc1c2c(cc3nsnc13)C1CCC2C1,2,19,1.47,274.1139842
1541,CCC1CNc2c1ccc1nsnc21,2,14,1.54,205.0673684
1542,CCOc1cccc2nsnc12,2,12,1.61,180.0357339
1543,CC(C)/C([O-])=[NH+]\c1c2c(cc3nsnc13)C1CCC2C1,2,20,1.63,287.1092332
1544,c1cc2nsnc2c2c1CCCCO2,2,14,1.63,206.0513839
1545,CC1COc2ccc3nsnc3c2O1,2,14,1.58,208.0306485
1546,CCC(C)/C([O-])=[NH+]\c1cccc2nsnc12,2,16,1.84,235.077933
1547,C1COc2c(c3c(c4nsnc24)OCCO3)O1,2,17,1.46,252.0204777
1548,c1cc2nsnc2c2c1CCO2,2,12,1.64,178.0200838
1549,CCCCN1CCOc2ccc3nsnc3c21,2,17,1.47,249.0935831
1550,CC1CNc2c(ccc3nsnc23)C1,2,14,1.48,205.0673684
1551,CCc1c2c(cc3nsnc13)C1CCC2CC1,2,17,1.4,244.1034195
1552,c1cc2nsnc2c2c1CCCC2,2,13,1.55,190.0564693
1553,c1c2c(cc3nsnc13)CCCC2,2,13,1.6,190.0564693
1554,CC(C)Cc1c2c(cc3nsnc13)OCCO2,2,17,1.48,250.0775987
1555,CCCC1COc2c(ccc3nsnc23)O1,2,16,1.58,236.0619486
1556,CC(C)/C([O-])=[NH+]\c1c2c(cc3nsnc13)C1CCC2CC1,2,21,1.65,301.1248832
1557,CC1CCC([O-])=[NH+]c2c1ccc1nsnc21,2,16,1.74,233.062283
1558,CCC(C)C1COc2cc3nsnc3cc2O1,2,17,1.55,250.0775987
1559,CCC1CC([O-])=[NH+]c2c1ccc1nsnc21,2,16,1.76,233.062283
1560,CC1CCc2c1ccc1nsnc21,2,13,1.6,190.0564693
1561,CN1CCOc2cc3nsnc3cc21,2,14,1.37,207.0466329
1562,CCCCNc1c2c(cc3nsnc13)C1CCC2CC1,2,20,1.42,287.1456187
1563,CC1COc2cc3nsnc3cc2C1,2,14,1.58,206.0513839
1564,CC(C)COc1ccc2nsnc2c1,2,14,1.65,208.067034
1565,CC(C)CC1COc2cc3nsnc3cc2O1,2,17,1.55,250.0775987
1566,CCC(C)Oc1c2c(cc3nsnc13)OCCO2,2,18,1.53,266.0725133
1567,CCCC/C([O-])=[NH+]\c1c2c(cc3nsnc13)OCCO2,2,20,1.69,293.0834123
1568,CC1Cc2cc3nsnc3cc2O1,2,13,1.51,192.0357339
1569,CC(C)Oc1cccc2nsnc12,2,13,1.69,194.0513839
1570,CC1(C)CNc2c1ccc1nsnc21,2,14,1.55,205.0673684
1571,CC1CCc2c(ccc3nsnc23)O1,2,14,1.54,206.0513839
1572,CCC1COc2c1ccc1nsnc21,2,14,1.64,206.0513839
1573,CCOc1c2c(cc3nsnc13)C1CCC2C1,2,17,1.49,246.0826841
1574,CC(C)C/C([O-])=[NH+]\c1c2c(cc3nsnc13)OCCO2,2,20,1.69,293.0834123
1575,CCC(C)c1c2c(cc3nsnc13)C1CCC2CC1,2,19,1.42,272.1347196
1576,CC(C)Oc1c2c(cc3nsnc13)C1CCC2CC1,2,19,1.51,274.1139842
1577,CC(C)c1c2c(cc3nsnc13)C1CCC2CC1,2,18,1.43,258.1190696
1578,C/C([O-])=[NH+]\c1c2c(cc3nsnc13)C1CCC2CC1,2,19,1.66,273.0935831
1579,c1cc2nsnc2c2c1CCCCN2,2,14,1.56,205.0673684
1580,CC1CCc2ccc3nsnc3c2O1,2,14,1.54,206.0513839
1581,CCCC/C([O-])=[NH+]\c1c2c(cc3nsnc13)C1CCC2C1,2,21,1.62,301.1248832
1582,CN1CCOc2ccc3nsnc3c21,2,14,1.51,207.0466329
1583,CC(C)C/C([O-])=[NH+]\c1cccc2nsnc12,2,16,1.82,235.077933
1584,CCC(C)C1COc2ccc3nsnc3c2O1,2,17,1.58,250.0775987
1585,C1COc2c3c(c4nsnc4c2N1)OCCO3,2,17,1.41,251.0364621
1586,CCC1Cc2ccc3nsnc3c2O1,2,14,1.63,206.0513839
1587,CCCCC1COc2ccc3nsnc3c2O1,2,17,1.58,250.0775987
1588,CCC(C)Nc1c2c(cc3nsnc13)C1CCC2CC1,2,20,1.41,287.1456187
1589,CCCCc1c2c(cc3nsnc13)C1CCC2CC1,2,19,1.4,272.1347196
1590,CC1CC([O-])=[NH+]c2c(ccc3nsnc23)C1,2,16,1.74,233.062283
1591,COc1ccc2nsnc2c1,2,11,1.66,166.0200838
1592,c1ccc2nsnc2c1,0,9,1.71,136.0095191
1593,C/C([O-])=[NH+]\c1cccc2nsnc12,2,13,1.82,193.0309828
